-- phpMyAdmin SQL Dump
-- version 3.5.3
-- http://www.phpmyadmin.net
--
-- Host: localhost
-- Generation Time: Jul 08, 2013 at 03:33 PM
-- Server version: 5.5.31-0ubuntu0.13.04.1
-- PHP Version: 5.4.9-4ubuntu2

SET SQL_MODE="NO_AUTO_VALUE_ON_ZERO";
SET time_zone = "+00:00";


/*!40101 SET @OLD_CHARACTER_SET_CLIENT=@@CHARACTER_SET_CLIENT */;
/*!40101 SET @OLD_CHARACTER_SET_RESULTS=@@CHARACTER_SET_RESULTS */;
/*!40101 SET @OLD_COLLATION_CONNECTION=@@COLLATION_CONNECTION */;
/*!40101 SET NAMES utf8 */;

--
-- Database: `gexpert`
--

-- --------------------------------------------------------

--
-- Table structure for table `answers`
--

CREATE TABLE IF NOT EXISTS `answers` (
  `id` int(11) NOT NULL AUTO_INCREMENT,
  `answer` varchar(3000) NOT NULL,
  `match_answer` varchar(5000) NOT NULL,
  `is_correct` tinyint(1) NOT NULL DEFAULT '0',
  `question_id` int(11) NOT NULL,
  `date_created` timestamp NOT NULL DEFAULT CURRENT_TIMESTAMP,
  `percent` int(11) NOT NULL,
  PRIMARY KEY (`id`),
  KEY `pk_answers` (`question_id`)
) ENGINE=InnoDB  DEFAULT CHARSET=latin1 AUTO_INCREMENT=2726 ;

--
-- Dumping data for table `answers`
--

INSERT INTO `answers` (`id`, `answer`, `match_answer`, `is_correct`, `question_id`, `date_created`, `percent`) VALUES
(17, '1', '', 1, 20, '2013-01-15 05:56:23', 0),
(18, '2', '', 1, 20, '2013-01-15 05:56:23', 0),
(19, '3', '', 1, 20, '2013-01-15 05:56:23', 0),
(20, '4', '', 1, 20, '2013-01-15 05:56:23', 0),
(21, '1', '', 1, 21, '2013-01-15 05:56:23', 0),
(22, '2', '', 1, 21, '2013-01-15 05:56:23', 0),
(23, '3', '', 1, 21, '2013-01-15 05:56:23', 0),
(24, '4', '', 1, 21, '2013-01-15 05:56:23', 0),
(25, '', '', 1, 22, '2013-01-15 05:56:23', 0),
(26, '1', '1', 1, 23, '2013-01-15 05:56:23', 0),
(27, '2', '2', 1, 23, '2013-01-15 05:56:23', 0),
(28, '3', '3', 1, 23, '2013-01-15 05:56:23', 0),
(29, '4', '4', 1, 23, '2013-01-15 05:56:23', 0),
(30, '1', '', 1, 24, '2013-01-15 05:56:24', 0),
(31, '2', '', 1, 24, '2013-01-15 05:56:24', 0),
(32, '3', '', 1, 24, '2013-01-15 05:56:24', 0),
(33, '4', '', 1, 24, '2013-01-15 05:56:24', 0),
(114, '', '', 1, 50, '2013-02-12 19:07:53', 0),
(115, 'Smarty', '', 1, 51, '2013-02-12 19:07:53', 0),
(116, 'HTML', '', 1, 51, '2013-02-12 19:07:53', 0),
(117, 'CSS', '', 1, 51, '2013-02-12 19:07:53', 0),
(118, 'Jquery', '', 1, 51, '2013-02-12 19:07:53', 0),
(119, 'eval', '', 1, 52, '2013-02-12 19:07:53', 0),
(120, 'wel', '', 1, 52, '2013-02-12 19:07:53', 0),
(121, 'echo', '', 1, 52, '2013-02-12 19:07:53', 0),
(122, 'system.out.println', '', 1, 52, '2013-02-12 19:07:53', 0),
(123, 'PHP server scripts are surrounded by ', 'A\n', 1, 53, '2013-02-12 19:07:54', 0),
(124, 'write "Hello World" in PHP\n', 'B', 1, 53, '2013-02-12 19:07:54', 0),
(125, 'variables in PHP start with', 'C', 1, 53, '2013-02-12 19:07:54', 0),
(126, 'correct way to end a PHP statement', 'D\n', 1, 53, '2013-02-12 19:07:54', 0),
(127, 'A', '', 1, 54, '2013-02-12 19:07:54', 0),
(128, 'B', '', 1, 54, '2013-02-12 19:07:54', 0),
(129, 'C', '', 1, 54, '2013-02-12 19:07:54', 0),
(130, 'Aple', '', 1, 55, '2013-02-20 18:49:22', 0),
(131, 'Appl', '', 1, 55, '2013-02-20 18:49:22', 0),
(132, 'Applae', '', 1, 55, '2013-02-20 18:49:22', 0),
(133, 'Apple', '', 1, 55, '2013-02-20 18:49:22', 0),
(134, 'Finding bugs', '', 1, 56, '2013-02-20 18:49:22', 0),
(135, 'Testing Application', '', 1, 56, '2013-02-20 18:49:22', 0),
(136, 'verifying whether application meeting customer requirements or not', '', 1, 56, '2013-02-20 18:49:22', 0),
(137, 'Releasing the application without bugs.', '', 1, 56, '2013-02-20 18:49:23', 0),
(138, 'New, Open, Fixed, Closed', '', 1, 57, '2013-02-20 18:49:23', 0),
(139, 'New, Asign, Open, Fixed, Reopen/Closed', '', 1, 57, '2013-02-20 18:49:23', 0),
(140, 'New, Asign, Open, Fixed, Reopen', '', 1, 57, '2013-02-20 18:49:23', 0),
(141, 'New, Open, Fixed, Closed', '', 1, 57, '2013-02-20 18:49:23', 0),
(142, '', '', 1, 58, '2013-02-20 18:49:23', 0),
(143, 'Developper', '', 1, 59, '2013-02-20 18:56:39', 0),
(144, 'Tester', '', 1, 59, '2013-02-20 18:56:39', 0),
(145, 'Admin', '', 1, 59, '2013-02-20 18:56:39', 0),
(146, 'HR', '', 1, 59, '2013-02-20 18:56:39', 0),
(147, '', '', 1, 60, '2013-02-20 18:56:39', 0),
(148, 'tester is a tester', '', 1, 61, '2013-02-20 18:56:39', 0),
(149, 'he is developer', '', 1, 61, '2013-02-20 18:56:39', 0),
(150, 'he is man', '', 1, 61, '2013-02-20 18:56:39', 0),
(151, '', '', 1, 62, '2013-02-20 18:56:39', 0),
(152, 'who never leave the bugs', '', 1, 63, '2013-02-20 19:16:20', 0),
(153, 'who leave the bugs', '', 1, 63, '2013-02-20 19:16:20', 0),
(154, 'who will not test properly', '', 1, 63, '2013-02-20 19:16:20', 0),
(155, 'who will test all customer requirements', '', 1, 63, '2013-02-20 19:16:20', 0),
(156, '', '', 1, 64, '2013-02-20 19:16:20', 0),
(157, '', '', 1, 65, '2013-02-20 19:16:20', 0),
(158, 'Requirements, Planning, estimation, coading, testing, implement, Maintenance  ', '', 1, 66, '2013-02-20 19:16:20', 0),
(159, 'Requirements, planning, estimation, desing, coading, testing', '', 1, 66, '2013-02-20 19:16:20', 0),
(160, 'requirement, planning, design, coading, testing, maintenance', '', 1, 66, '2013-02-20 19:16:20', 0),
(161, 'Finding bugs', '', 1, 67, '2013-02-20 22:28:43', 0),
(162, 'creating scenarios', '', 1, 67, '2013-02-20 22:28:43', 0),
(163, 'verifying application', '', 1, 67, '2013-02-20 22:28:43', 0),
(164, 'New, Open, Fix, Close', '', 1, 68, '2013-02-20 22:28:43', 0),
(165, 'New, Asign, Open, Fix, Reopen/Close', '', 1, 68, '2013-02-20 22:28:43', 0),
(166, 'New, fix, Close', '', 1, 68, '2013-02-20 22:28:43', 0),
(167, 'Test the application', '', 1, 69, '2013-02-20 22:28:43', 0),
(168, 'He will do coading', '', 1, 69, '2013-02-20 22:28:43', 0),
(169, 'He will do desing', '', 1, 69, '2013-02-20 22:28:43', 0),
(170, 'asd', '', 1, 70, '2013-03-22 01:29:08', 0),
(171, '23', '', 1, 70, '2013-03-22 01:29:09', 0),
(198, '1', '', 1, 81, '2013-04-04 00:52:14', 0),
(199, '2', '', 1, 81, '2013-04-04 00:52:14', 0),
(200, '3', '', 1, 81, '2013-04-04 00:52:14', 0),
(201, '4', '', 1, 81, '2013-04-04 00:52:14', 0),
(202, '1', '', 1, 82, '2013-04-04 00:52:14', 0),
(203, '2', '', 1, 82, '2013-04-04 00:52:14', 0),
(204, '3', '', 1, 82, '2013-04-04 00:52:14', 0),
(205, 'R1', '', 1, 83, '2013-04-04 00:52:15', 0),
(206, 'R2', '', 1, 83, '2013-04-04 00:52:15', 0),
(207, 'R3', '', 1, 83, '2013-04-04 00:52:15', 0),
(208, '1', 'A', 1, 84, '2013-04-04 00:52:15', 0),
(209, '2', 'B', 1, 84, '2013-04-04 00:52:15', 0),
(210, '3', 'C', 1, 84, '2013-04-04 00:52:15', 0),
(211, '12', '', 1, 85, '2013-04-04 00:52:15', 0),
(212, '13', '', 1, 85, '2013-04-04 00:52:15', 0),
(213, '14', '', 1, 85, '2013-04-04 00:52:15', 0),
(232, '1', '', 1, 91, '2013-04-04 19:16:23', 0),
(233, '2', '', 1, 91, '2013-04-04 19:16:23', 0),
(234, '3', '', 1, 91, '2013-04-04 19:16:23', 0),
(235, '4', '', 1, 91, '2013-04-04 19:16:23', 0),
(236, '3', '', 1, 92, '2013-04-04 19:16:24', 0),
(237, '4', '', 1, 92, '2013-04-04 19:16:24', 0),
(238, '5', '', 1, 92, '2013-04-04 19:16:24', 0),
(239, '2', '', 1, 92, '2013-04-04 19:16:24', 0),
(240, '3', 'Three', 1, 93, '2013-04-04 19:16:24', 0),
(241, '4', 'four', 1, 93, '2013-04-04 19:16:24', 0),
(242, '5', 'five', 1, 93, '2013-04-04 19:16:24', 0),
(243, '4', '', 1, 94, '2013-04-04 19:16:24', 0),
(244, '5', '', 1, 94, '2013-04-04 19:16:24', 0),
(245, '6', '', 1, 94, '2013-04-04 19:16:24', 0),
(246, '6', '', 1, 95, '2013-04-04 19:16:24', 0),
(247, '5', '', 1, 95, '2013-04-04 19:16:24', 0),
(248, '8', '', 1, 95, '2013-04-04 19:16:24', 0),
(249, '9', '', 1, 95, '2013-04-04 19:16:24', 0),
(250, '2', '', 1, 96, '2013-04-04 22:52:22', 0),
(251, '1', '', 1, 96, '2013-04-04 22:52:22', 0),
(252, '3', '', 1, 96, '2013-04-04 22:52:22', 0),
(253, '4', '', 1, 96, '2013-04-04 22:52:22', 0),
(254, '2', '', 1, 97, '2013-04-04 22:52:23', 0),
(255, '3', '', 1, 97, '2013-04-04 22:52:23', 0),
(256, '2', '', 1, 97, '2013-04-04 22:52:23', 0),
(257, '5', '', 1, 97, '2013-04-04 22:52:23', 0),
(258, '3', 'Three', 1, 98, '2013-04-04 22:52:23', 0),
(259, '4', 'four', 1, 98, '2013-04-04 22:52:23', 0),
(260, '5', 'five', 1, 98, '2013-04-04 22:52:23', 0),
(261, '1', '', 1, 99, '2013-04-04 22:52:23', 0),
(262, '2', '', 1, 99, '2013-04-04 22:52:23', 0),
(263, '3', '', 1, 99, '2013-04-04 22:52:23', 0),
(264, '4', '', 1, 99, '2013-04-04 22:52:23', 0),
(301, 'two', '', 1, 110, '2013-04-07 20:38:37', 0),
(302, 'three', '', 1, 110, '2013-04-07 20:38:37', 0),
(303, 'one', '', 1, 110, '2013-04-07 20:38:37', 0),
(304, 'five', '', 1, 110, '2013-04-07 20:38:37', 0),
(305, 'three', '', 1, 111, '2013-04-07 20:38:37', 0),
(306, 'two', '', 1, 111, '2013-04-07 20:38:37', 0),
(307, 'five', '', 1, 111, '2013-04-07 20:38:37', 0),
(308, 'two', '', 1, 111, '2013-04-07 20:38:38', 0),
(309, 'one', '1', 1, 112, '2013-04-07 20:38:38', 0),
(310, 'two', '2', 1, 112, '2013-04-07 20:38:38', 0),
(311, 'three', '3', 1, 112, '2013-04-07 20:38:38', 0),
(312, 'three', '', 1, 113, '2013-04-07 20:38:38', 0),
(313, 'four', '', 1, 113, '2013-04-07 20:38:38', 0),
(314, 'five', '', 1, 113, '2013-04-07 20:38:38', 0),
(315, 'six', '', 1, 113, '2013-04-07 20:38:38', 0),
(316, '2', 'two', 1, 114, '2013-04-07 20:38:38', 0),
(317, '3', 'three', 1, 114, '2013-04-07 20:38:38', 0),
(318, '4', 'four', 1, 114, '2013-04-07 20:38:38', 0),
(319, '5', 'five', 1, 114, '2013-04-07 20:38:38', 0),
(320, 'two', '', 1, 115, '2013-04-07 20:40:30', 0),
(321, 'three', '', 1, 115, '2013-04-07 20:40:30', 0),
(322, 'one', '', 1, 115, '2013-04-07 20:40:30', 0),
(323, 'five', '', 1, 115, '2013-04-07 20:40:30', 0),
(324, 'three', '', 1, 116, '2013-04-07 20:40:30', 0),
(325, 'two', '', 1, 116, '2013-04-07 20:40:30', 0),
(326, 'five', '', 1, 116, '2013-04-07 20:40:30', 0),
(327, 'two', '', 1, 116, '2013-04-07 20:40:30', 0),
(328, 'one', '1', 1, 117, '2013-04-07 20:40:31', 0),
(329, 'two', '2', 1, 117, '2013-04-07 20:40:31', 0),
(330, 'three', '3', 1, 117, '2013-04-07 20:40:31', 0),
(331, 'three', '', 1, 118, '2013-04-07 20:40:31', 0),
(332, 'four', '', 1, 118, '2013-04-07 20:40:31', 0),
(333, 'five', '', 1, 118, '2013-04-07 20:40:31', 0),
(334, 'six', '', 1, 118, '2013-04-07 20:40:31', 0),
(335, '2', 'two', 1, 119, '2013-04-07 20:40:31', 0),
(336, '3', 'three', 1, 119, '2013-04-07 20:40:31', 0),
(337, '4', 'four', 1, 119, '2013-04-07 20:40:31', 0),
(338, '5', 'five', 1, 119, '2013-04-07 20:40:31', 0),
(343, '4', '', 1, 121, '2013-04-08 18:08:02', 0),
(344, '3', '', 1, 121, '2013-04-08 18:08:02', 0),
(345, '2', '', 1, 121, '2013-04-08 18:08:02', 0),
(346, '1', '', 1, 121, '2013-04-08 18:08:02', 0),
(347, '2', '', 1, 122, '2013-04-08 18:08:03', 0),
(348, '3', '', 1, 122, '2013-04-08 18:08:03', 0),
(349, '2', '', 1, 122, '2013-04-08 18:08:03', 0),
(350, '4', '', 1, 122, '2013-04-08 18:08:03', 0),
(351, '1', 'One', 1, 123, '2013-04-08 18:08:03', 0),
(352, '2', 'Two', 1, 123, '2013-04-08 18:08:03', 0),
(353, '3', 'Three', 1, 123, '2013-04-08 18:08:03', 0),
(354, '4', 'Four', 1, 123, '2013-04-08 18:08:03', 0),
(355, '1', '', 1, 124, '2013-04-08 18:08:03', 0),
(356, '2', '', 1, 124, '2013-04-08 18:08:03', 0),
(357, '3', '', 1, 124, '2013-04-08 18:08:03', 0),
(358, '4', '', 1, 124, '2013-04-08 18:08:03', 0),
(359, '5', '', 1, 125, '2013-04-08 18:08:03', 0),
(360, '4', '', 1, 125, '2013-04-08 18:08:03', 0),
(361, '3', '', 1, 125, '2013-04-08 18:08:03', 0),
(362, '2', '', 1, 125, '2013-04-08 18:08:04', 0),
(363, '1', '', 1, 125, '2013-04-08 18:08:04', 0),
(368, '2', '', 1, 127, '2013-04-09 20:40:57', 0),
(369, '3', '', 1, 127, '2013-04-09 20:40:57', 0),
(370, '2', '', 1, 127, '2013-04-09 20:40:57', 0),
(371, '4', '', 1, 127, '2013-04-09 20:40:57', 0),
(372, '1', '', 1, 128, '2013-04-09 20:40:57', 0),
(373, '2', '', 1, 128, '2013-04-09 20:40:57', 0),
(374, '3', '', 1, 128, '2013-04-09 20:40:57', 0),
(375, '4', '', 1, 128, '2013-04-09 20:40:57', 0),
(376, 'three', '3', 1, 129, '2013-04-09 20:40:58', 0),
(377, 'four', '4', 1, 129, '2013-04-09 20:40:58', 0),
(378, 'five', '5', 1, 129, '2013-04-09 20:40:58', 0),
(379, 'four', '', 1, 130, '2013-04-09 20:40:58', 0),
(380, 'three', '', 1, 130, '2013-04-09 20:40:58', 0),
(381, 'two', '', 1, 130, '2013-04-09 20:40:58', 0),
(382, 'one', '', 1, 130, '2013-04-09 20:40:58', 0),
(383, 'zero', '', 1, 130, '2013-04-09 20:40:58', 0),
(384, 's', '', 1, 131, '2013-04-09 20:40:58', 0),
(385, 'a', '', 1, 131, '2013-04-09 20:40:58', 0),
(386, 't', '', 1, 131, '2013-04-09 20:40:58', 0),
(387, 'y', '', 1, 131, '2013-04-09 20:40:58', 0),
(388, 'a', '', 1, 131, '2013-04-09 20:40:59', 0),
(677, '1', '', 1, 217, '2013-04-10 22:27:26', 0),
(678, '2', '', 0, 217, '2013-04-10 22:27:26', 0),
(679, '3', '', 0, 217, '2013-04-10 22:27:26', 0),
(680, '4', '', 0, 217, '2013-04-10 22:27:26', 0),
(681, '1', '', 1, 218, '2013-04-10 22:27:26', 0),
(682, '2', '', 0, 218, '2013-04-10 22:27:26', 0),
(683, '3', '', 1, 218, '2013-04-10 22:27:26', 0),
(684, '4', '', 0, 218, '2013-04-10 22:27:27', 0),
(685, '', '', 1, 219, '2013-04-10 22:27:27', 0),
(686, '1', 'A', 1, 220, '2013-04-10 22:27:27', 0),
(687, '2', 'B', 1, 220, '2013-04-10 22:27:27', 0),
(688, '3', 'C', 1, 220, '2013-04-10 22:27:27', 0),
(689, '4', 'D', 1, 220, '2013-04-10 22:27:27', 0),
(690, '1', '', 0, 221, '2013-04-10 22:27:27', 0),
(691, '2', '', 0, 221, '2013-04-10 22:27:27', 0),
(692, '3', '', 0, 221, '2013-04-10 22:27:27', 0),
(693, 'welcome world', '', 0, 222, '2013-04-10 22:27:27', 0),
(694, '1', '', 1, 223, '2013-04-15 01:28:20', 0),
(695, '2', '', 0, 223, '2013-04-15 01:28:20', 0),
(696, '3', '', 0, 223, '2013-04-15 01:28:20', 0),
(697, '4', '', 0, 223, '2013-04-15 01:28:20', 0),
(698, '1', '', 1, 224, '2013-04-15 01:28:20', 0),
(699, '2', '', 0, 224, '2013-04-15 01:28:20', 0),
(700, '3', '', 1, 224, '2013-04-15 01:28:20', 0),
(701, '4', '', 0, 224, '2013-04-15 01:28:20', 0),
(702, '', '', 1, 225, '2013-04-15 01:28:21', 0),
(703, 'answer', '', 1, 226, '2013-04-15 01:28:21', 0),
(704, '1', 'A', 1, 227, '2013-04-15 01:28:21', 0),
(705, '2', 'B', 1, 227, '2013-04-15 01:28:21', 0),
(706, '3', 'C', 1, 227, '2013-04-15 01:28:22', 0),
(707, '4', 'D', 1, 227, '2013-04-15 01:28:22', 0),
(708, '1', '', 1, 228, '2013-04-15 01:28:22', 0),
(709, '2', '', 1, 228, '2013-04-15 01:28:22', 0),
(710, '3', '', 1, 228, '2013-04-15 01:28:22', 0),
(711, '1', '', 0, 229, '2013-04-15 18:50:34', 0),
(712, '2', '', 0, 229, '2013-04-15 18:50:34', 0),
(713, '3', '', 0, 229, '2013-04-15 18:50:34', 0),
(714, '4', '', 1, 229, '2013-04-15 18:50:34', 0),
(715, '1', '', 1, 230, '2013-04-15 18:50:34', 0),
(716, '2', '', 0, 230, '2013-04-15 18:50:34', 0),
(717, '3', '', 0, 230, '2013-04-15 18:50:35', 0),
(718, '4', '', 1, 230, '2013-04-15 18:50:35', 0),
(719, '', '', 1, 231, '2013-04-15 18:50:35', 0),
(720, '1', 'A', 1, 232, '2013-04-16 13:23:51', 0),
(721, '1', '1', 1, 233, '2013-04-15 18:50:35', 0),
(722, '2', '2', 1, 233, '2013-04-15 18:50:35', 0),
(723, '3', '3', 1, 233, '2013-04-15 18:50:36', 0),
(724, '4', '4', 1, 233, '2013-04-15 18:50:36', 0),
(725, '1', '', 1, 234, '2013-04-15 18:50:36', 0),
(726, '2', '', 1, 234, '2013-04-15 18:50:36', 0),
(727, '3', '', 1, 234, '2013-04-15 18:50:36', 0),
(728, '4', '', 1, 234, '2013-04-15 18:50:36', 0),
(729, '1', '', 0, 235, '2013-04-15 23:35:30', 0),
(730, '2', '', 0, 235, '2013-04-15 23:35:30', 0),
(731, '3', '', 0, 235, '2013-04-15 23:35:30', 0),
(732, '1', '', 1, 236, '2013-04-16 13:33:13', 0),
(733, '2', '', 1, 236, '2013-04-15 23:35:30', 0),
(734, '3', '', 0, 236, '2013-04-15 23:35:31', 0),
(735, '2', '', 1, 236, '2013-04-15 23:35:31', 0),
(736, '', '', 1, 237, '2013-04-16 13:33:13', 0),
(737, '1', 'A', 1, 238, '2013-04-16 13:33:13', 0),
(738, '2', 'B', 1, 238, '2013-04-16 13:33:13', 0),
(739, '1', 'A', 1, 239, '2013-04-15 23:35:31', 0),
(740, '2', 'B', 1, 239, '2013-04-15 23:35:32', 0),
(741, '3', 'C', 1, 239, '2013-04-15 23:35:32', 0),
(742, '4', 'D', 1, 239, '2013-04-15 23:35:32', 0),
(743, 'A', '', 1, 240, '2013-04-15 23:35:32', 0),
(744, 'B', '', 1, 240, '2013-04-15 23:35:32', 0),
(745, 'C', '', 1, 240, '2013-04-15 23:35:32', 0),
(746, 'D', '', 1, 240, '2013-04-15 23:35:32', 0),
(747, 'E', '', 1, 240, '2013-04-15 23:35:32', 0),
(748, 'F', '', 1, 240, '2013-04-15 23:35:32', 0),
(749, '1', '', 0, 241, '2013-04-15 23:35:44', 0),
(750, '2', '', 0, 241, '2013-04-15 23:35:44', 0),
(751, '3', '', 0, 241, '2013-04-15 23:35:44', 0),
(752, '4', '', 0, 241, '2013-04-15 23:35:44', 0),
(753, '2', '', 1, 242, '2013-04-15 23:35:44', 0),
(754, '3', '', 0, 242, '2013-04-15 23:35:44', 0),
(755, '2', '', 1, 242, '2013-04-15 23:35:44', 0),
(756, '4', '', 0, 242, '2013-04-15 23:35:44', 0),
(757, '', '', 1, 243, '2013-04-15 23:35:45', 0),
(758, '4', '', 1, 244, '2013-04-15 23:35:45', 0),
(759, '1', 'A', 1, 245, '2013-04-15 23:35:45', 0),
(760, '2', 'B', 1, 245, '2013-04-15 23:35:45', 0),
(761, '3', 'C', 1, 245, '2013-04-15 23:35:45', 0),
(762, '4', 'D', 1, 245, '2013-04-15 23:35:45', 0),
(763, '1', '', 1, 247, '2013-04-19 06:35:11', 0),
(764, '2', '', 0, 247, '2013-04-19 06:35:11', 0),
(765, '3', '', 0, 247, '2013-04-19 06:35:11', 0),
(766, '4', '', 0, 247, '2013-04-19 06:35:11', 0),
(767, '2', '', 1, 248, '2013-04-19 06:35:11', 0),
(768, '3', '', 0, 248, '2013-04-19 06:35:11', 0),
(769, '2', '', 1, 248, '2013-04-19 06:35:11', 0),
(770, '2', '', 0, 247, '2013-04-15 23:36:55', 0),
(771, '', '', 1, 249, '2013-04-19 06:35:11', 0),
(772, 'Four', '', 1, 250, '2013-04-19 06:35:11', 0),
(773, '1', 'a', 1, 251, '2013-04-19 06:35:11', 0),
(774, '3', 'is_correct', 1, 248, '2013-04-15 23:36:55', 0),
(775, '3', 'c', 1, 251, '2013-04-19 06:35:11', 0),
(776, '4', 'd', 1, 251, '2013-04-19 06:35:11', 0),
(777, '', '', 1, 249, '2013-04-15 23:36:56', 0),
(778, '4', '', 1, 250, '2013-04-15 23:36:56', 0),
(779, '1', 'A', 1, 251, '2013-04-15 23:36:56', 0),
(780, '2', 'B', 1, 251, '2013-04-15 23:36:56', 0),
(781, '3', 'C', 1, 251, '2013-04-15 23:36:56', 0),
(782, '4', 'D', 1, 251, '2013-04-15 23:36:57', 0),
(783, 'A', '', 1, 252, '2013-04-15 23:36:57', 0),
(784, 'B', '', 1, 252, '2013-04-15 23:36:57', 0),
(785, 'C', '', 1, 252, '2013-04-15 23:36:57', 0),
(786, 'D', '', 1, 252, '2013-04-15 23:36:57', 0),
(787, 'E', '', 1, 252, '2013-04-15 23:36:57', 0),
(788, 'F', '', 1, 252, '2013-04-15 23:36:57', 0),
(789, '1', '', 0, 253, '2013-04-15 23:38:48', 0),
(790, '2', '', 0, 253, '2013-04-15 23:38:49', 0),
(791, '3', '', 0, 253, '2013-04-15 23:38:49', 0),
(792, '4', '', 0, 253, '2013-04-15 23:38:49', 0),
(793, '2', '', 1, 254, '2013-04-15 23:38:49', 0),
(794, '3', '', 0, 254, '2013-04-15 23:38:49', 0),
(795, '2', '', 1, 254, '2013-04-15 23:38:49', 0),
(796, '4', '', 0, 254, '2013-04-15 23:38:49', 0),
(797, '', '', 1, 255, '2013-04-15 23:38:49', 0),
(798, '1', '', 1, 259, '2013-04-19 07:37:08', 0),
(799, '2', '', 0, 259, '2013-04-19 07:37:08', 0),
(800, '3', '', 0, 259, '2013-04-19 07:37:08', 0),
(801, '4', '', 0, 259, '2013-04-19 07:37:08', 0),
(802, '1', '', 1, 260, '2013-04-19 07:37:08', 0),
(803, '2', '', 0, 260, '2013-04-19 07:37:08', 0),
(804, '3', '', 1, 260, '2013-04-19 07:37:08', 0),
(805, '4', '', 0, 260, '2013-04-19 07:37:08', 0),
(806, '', '', 1, 261, '2013-04-19 07:37:08', 0),
(807, '1', 'A', 1, 262, '2013-04-19 07:37:08', 0),
(808, '2', 'B', 1, 262, '2013-04-19 07:37:08', 0),
(809, '1', 'is_correct', 1, 259, '2013-04-15 23:43:23', 0),
(810, '2', 'is_correct', 1, 259, '2013-04-15 23:43:23', 0),
(811, '1', '', 1, 263, '2013-04-19 07:37:09', 0),
(812, '4', '', 1, 259, '2013-04-15 23:43:23', 0),
(813, '1', '', 1, 260, '2013-04-15 23:43:24', 0),
(814, 'welcome world', '', 1, 264, '2013-04-19 07:37:09', 0),
(815, '3', '', 0, 260, '2013-04-15 23:43:24', 0),
(816, '4', '', 1, 260, '2013-04-15 23:43:24', 0),
(817, '', '', 1, 261, '2013-04-15 23:43:24', 0),
(818, 'answer', '', 1, 262, '2013-04-15 23:43:24', 0),
(819, '1', '1', 1, 263, '2013-04-15 23:43:25', 0),
(820, '2', '2', 1, 263, '2013-04-15 23:43:25', 0),
(821, '3', '3', 1, 263, '2013-04-15 23:43:25', 0),
(822, '4', '4', 1, 263, '2013-04-15 23:43:25', 0),
(823, '1', '', 1, 264, '2013-04-15 23:43:25', 0),
(824, '2', '', 1, 264, '2013-04-15 23:43:25', 0),
(825, '3', '', 1, 264, '2013-04-15 23:43:25', 0),
(826, '4', '', 1, 264, '2013-04-15 23:43:26', 0),
(827, '1', '', 1, 265, '2013-04-15 23:44:45', 0),
(828, '2', '', 0, 265, '2013-04-15 23:44:45', 0),
(829, '3', '', 0, 265, '2013-04-15 23:44:45', 0),
(830, '4', '', 0, 265, '2013-04-15 23:44:45', 0),
(831, '2', '', 1, 266, '2013-04-15 23:44:45', 0),
(832, '3', '', 0, 266, '2013-04-15 23:44:46', 0),
(833, '1', '', 1, 271, '2013-04-19 09:57:43', 0),
(834, '2', '', 0, 271, '2013-04-19 09:57:43', 0),
(835, '3', '', 0, 271, '2013-04-19 09:57:43', 0),
(836, '4', '', 0, 271, '2013-04-19 09:57:43', 0),
(837, '2', '', 1, 272, '2013-04-19 09:57:44', 0),
(838, '1', '', 0, 272, '2013-04-19 09:57:44', 0),
(839, '3', '', 0, 272, '2013-04-19 09:57:44', 0),
(840, '2', '', 1, 272, '2013-04-19 09:57:44', 0),
(841, '', '', 1, 273, '2013-04-19 09:57:44', 0),
(842, 'four', '', 1, 274, '2013-04-19 09:57:44', 0),
(843, '1', 'a', 1, 275, '2013-04-19 09:57:44', 0),
(844, '2', 'b', 1, 275, '2013-04-19 09:57:44', 0),
(845, '3', 'c', 1, 275, '2013-04-19 09:57:44', 0),
(846, '4', 'd', 1, 275, '2013-04-19 09:57:44', 0),
(847, 'a', '', 1, 276, '2013-04-19 09:57:44', 0),
(848, 'b', '', 1, 276, '2013-04-19 09:57:44', 0),
(849, 'c', '', 1, 276, '2013-04-19 09:57:44', 0),
(850, '4', '', 1, 271, '2013-04-15 23:44:49', 0),
(851, '1', '', 1, 272, '2013-04-15 23:44:49', 0),
(852, '2', '', 0, 272, '2013-04-15 23:44:49', 0),
(853, '3', '', 0, 272, '2013-04-15 23:44:49', 0),
(854, '4', '', 1, 272, '2013-04-15 23:44:50', 0),
(855, '', '', 1, 273, '2013-04-15 23:44:50', 0),
(856, 'answer', '', 1, 274, '2013-04-15 23:44:50', 0),
(857, '1', '1', 1, 275, '2013-04-15 23:44:50', 0),
(858, '2', '2', 1, 275, '2013-04-15 23:44:50', 0),
(859, '3', '3', 1, 275, '2013-04-15 23:44:50', 0),
(860, '4', '4', 1, 275, '2013-04-15 23:44:50', 0),
(861, '1', '', 1, 276, '2013-04-15 23:44:51', 0),
(862, '2', '', 1, 276, '2013-04-15 23:44:51', 0),
(863, '3', '', 1, 276, '2013-04-15 23:44:51', 0),
(864, '4', '', 1, 276, '2013-04-15 23:44:51', 0),
(865, '1', '', 1, 277, '2013-04-16 00:16:01', 0),
(866, '2', 'b', 1, 282, '2013-04-22 07:03:48', 0),
(867, '3', 'c', 1, 282, '2013-04-22 07:03:48', 0),
(868, '4', 'd', 1, 282, '2013-04-22 07:03:48', 0),
(869, '1', '', 1, 283, '2013-04-22 07:03:48', 0),
(870, '2', '', 1, 283, '2013-04-22 07:03:48', 0),
(871, '3', '', 1, 283, '2013-04-22 07:03:48', 0),
(872, '4', '', 0, 278, '2013-04-16 00:16:02', 0),
(873, '', '', 1, 279, '2013-04-16 00:16:02', 0),
(874, 'four', '', 1, 280, '2013-04-16 00:16:02', 0),
(875, '1', 'a', 1, 281, '2013-04-16 00:16:02', 0),
(876, '2', 'b', 1, 281, '2013-04-16 00:16:03', 0),
(877, '3', 'c', 1, 281, '2013-04-16 00:16:03', 0),
(878, '4', 'd', 1, 281, '2013-04-16 00:16:03', 0),
(879, '50', '', 1, 282, '2013-04-16 00:16:03', 0),
(880, '100', '', 1, 282, '2013-04-16 00:16:03', 0),
(881, '500', '', 1, 282, '2013-04-16 00:16:03', 0),
(882, '1000', '', 1, 282, '2013-04-16 00:16:03', 0),
(883, 'one', '', 1, 283, '2013-04-16 00:42:13', 0),
(884, 'two', '', 0, 283, '2013-04-16 00:42:14', 0),
(885, 'three', '', 0, 283, '2013-04-16 00:42:14', 0),
(886, 'four', '', 0, 283, '2013-04-16 00:42:14', 0),
(887, '1', '', 1, 284, '2013-04-16 18:39:13', 0),
(888, '4', '', 1, 287, '2013-04-23 06:32:43', 0),
(889, '3', '', 0, 284, '2013-04-16 18:39:14', 0),
(890, '4', '', 0, 284, '2013-04-16 18:39:14', 0),
(891, '2', '', 0, 285, '2013-04-16 18:39:14', 0),
(892, '1', '', 0, 285, '2013-04-16 18:39:14', 0),
(893, '', '', 1, 292, '2013-04-23 12:13:21', 0),
(894, '4', '', 0, 285, '2013-04-16 18:39:14', 0),
(895, '', '', 1, 286, '2013-04-16 18:39:14', 0),
(896, 'geotekh', '', 1, 287, '2013-04-16 18:39:15', 0),
(897, '1', 'a', 1, 288, '2013-04-16 18:39:15', 0),
(898, '2', 'b', 1, 288, '2013-04-16 18:39:15', 0),
(899, '3', 'c', 1, 288, '2013-04-16 18:39:15', 0),
(900, '4', 'd', 1, 288, '2013-04-16 18:39:15', 0),
(901, '', '', 1, 300, '2013-04-23 12:22:18', 0),
(902, '', '', 0, 301, '2013-04-23 12:22:18', 0),
(903, '', '', 1, 302, '2013-04-23 12:22:18', 0),
(904, '', '', 0, 303, '2013-04-23 12:22:19', 0),
(905, '', '', 1, 304, '2013-04-23 13:01:58', 0),
(906, '', '', 0, 305, '2013-04-23 13:01:58', 0),
(907, '', '', 1, 306, '2013-04-23 13:01:58', 0),
(908, 'A', '', 1, 290, '2013-04-16 21:15:58', 0),
(909, 'Z', '', 0, 290, '2013-04-16 21:15:58', 0),
(910, 'M', '', 0, 290, '2013-04-16 21:15:58', 0),
(911, 'U', '', 0, 290, '2013-04-16 21:15:58', 0),
(912, '1', '', 0, 291, '2013-04-16 21:15:58', 0),
(913, 'a', '', 1, 291, '2013-04-16 21:15:58', 0),
(914, '2', '', 0, 291, '2013-04-16 21:15:58', 0),
(915, 'b', '', 1, 291, '2013-04-16 21:15:58', 0),
(916, '', '', 1, 292, '2013-04-16 21:15:58', 0),
(917, 'abcdef', '', 1, 293, '2013-04-16 21:15:59', 0),
(918, 'a', '1', 1, 294, '2013-04-16 21:15:59', 0),
(919, 'b', '2', 1, 294, '2013-04-16 21:15:59', 0),
(920, 'c', '3', 1, 294, '2013-04-16 21:15:59', 0),
(921, 'd', '4', 1, 294, '2013-04-16 21:15:59', 0),
(922, 'a', '', 1, 295, '2013-04-16 21:15:59', 0),
(923, 'b', '', 1, 295, '2013-04-16 21:15:59', 0),
(924, 'c', '', 1, 295, '2013-04-16 21:16:00', 0),
(925, 'd', '', 1, 295, '2013-04-16 21:16:00', 0),
(926, '3', '', 0, 320, '2013-04-23 14:05:19', 0),
(927, '2', '', 1, 320, '2013-04-23 14:05:19', 0),
(928, '3', '', 1, 321, '2013-04-23 14:05:19', 0),
(929, '2', '', 0, 321, '2013-04-23 14:05:19', 0),
(930, '3', '', 1, 321, '2013-04-23 14:05:19', 0),
(931, '3', '', 1, 321, '2013-04-23 14:05:19', 0),
(932, '2', '', 0, 322, '2013-04-23 14:05:19', 0),
(933, '4', '', 1, 322, '2013-04-23 14:05:19', 0),
(934, '4', '', 1, 322, '2013-04-23 14:05:19', 0),
(935, '4', '', 1, 322, '2013-04-23 14:05:20', 0),
(936, '4', '', 1, 322, '2013-04-23 14:05:20', 0),
(937, '1', '', 1, 323, '2013-04-26 12:27:20', 0),
(938, '2', '', 1, 323, '2013-04-26 12:27:20', 0),
(939, '3', '', 0, 323, '2013-04-26 12:27:20', 0),
(940, '4', '', 0, 323, '2013-04-26 12:27:20', 0),
(941, '1', '', 1, 324, '2013-05-02 06:33:33', 0),
(942, '2', '', 1, 324, '2013-05-02 06:33:34', 0),
(943, '3', '', 1, 324, '2013-05-02 06:33:35', 0),
(944, '4', '', 1, 324, '2013-05-02 06:33:35', 0),
(945, 'A', '', 1, 325, '2013-05-02 06:33:35', 0),
(946, 'B', '', 1, 325, '2013-05-02 06:33:36', 0),
(947, 'C', '', 1, 325, '2013-05-02 06:33:36', 0),
(948, 'D', '', 1, 325, '2013-05-02 06:33:37', 0),
(949, 'One', '', 1, 326, '2013-05-02 06:33:37', 0),
(950, 'Two', '', 1, 326, '2013-05-02 06:33:38', 0),
(951, 'Three', '', 1, 326, '2013-05-02 06:33:38', 0),
(952, 'Four', '', 1, 326, '2013-05-02 06:33:39', 0),
(953, '1', '', 1, 327, '2013-05-02 06:33:40', 0),
(954, '2', '', 1, 327, '2013-05-02 06:33:41', 0),
(955, '3', '', 1, 327, '2013-05-02 06:33:41', 0),
(956, '4', '', 1, 327, '2013-05-02 06:33:42', 0),
(957, '4', '', 1, 328, '2013-05-02 06:33:43', 0),
(958, '3', '', 1, 328, '2013-05-02 06:33:45', 0),
(959, '2', '', 1, 328, '2013-05-02 06:33:46', 0),
(960, '1', '', 1, 328, '2013-05-02 06:33:46', 0),
(961, '1', '', 1, 329, '2013-05-02 13:27:27', 0),
(962, '2', '', 1, 329, '2013-05-02 13:27:27', 0),
(963, '3', '', 1, 329, '2013-05-02 13:27:27', 0),
(964, '4', '', 1, 329, '2013-05-02 13:27:27', 0),
(965, 'a', '', 1, 330, '2013-05-02 13:27:27', 0),
(966, 'b', '', 1, 330, '2013-05-02 13:27:27', 0),
(967, 'c', '', 1, 330, '2013-05-02 13:27:27', 0),
(968, 'd', '', 1, 330, '2013-05-02 13:27:27', 0),
(969, '1', '', 1, 331, '2013-05-03 06:59:32', 0),
(970, '2', '', 1, 331, '2013-05-03 06:59:32', 0),
(971, '3', '', 1, 331, '2013-05-03 06:59:32', 0),
(972, '4', '', 1, 331, '2013-05-03 06:59:32', 0),
(973, '5', '', 1, 331, '2013-05-03 06:59:32', 0),
(974, 'A', '', 1, 332, '2013-05-03 06:59:32', 0),
(975, 'B', '', 1, 332, '2013-05-03 06:59:32', 0),
(976, 'C', '', 1, 332, '2013-05-03 06:59:33', 0),
(977, 'D', '', 1, 332, '2013-05-03 06:59:33', 0),
(978, 'E', '', 1, 332, '2013-05-03 06:59:33', 0),
(979, '1', '', 1, 333, '2013-05-07 06:52:36', 0),
(980, '2', '', 1, 333, '2013-05-07 06:52:36', 0),
(981, '3', '', 1, 333, '2013-05-07 06:52:36', 0),
(982, 'One', '', 1, 334, '2013-05-07 06:52:36', 0),
(983, 'Two', '', 1, 334, '2013-05-07 06:52:36', 0),
(984, 'Three', '', 1, 334, '2013-05-07 06:52:36', 0),
(985, 'Four', '', 1, 334, '2013-05-07 06:52:36', 0),
(986, 'A', '', 1, 335, '2013-05-07 06:52:37', 0),
(987, 'B', '', 1, 335, '2013-05-07 06:52:37', 0),
(988, 'C', '', 1, 335, '2013-05-07 06:52:37', 0),
(989, 'D', '', 1, 335, '2013-05-07 06:52:37', 0),
(990, 'E', '', 1, 335, '2013-05-07 06:52:37', 0),
(991, '1', '', 1, 336, '2013-06-03 07:28:43', 0),
(992, '2', '', 0, 336, '2013-06-03 07:28:43', 0),
(993, '3', '', 0, 336, '2013-06-03 07:28:43', 0),
(994, '4', '', 0, 336, '2013-06-03 07:28:43', 0),
(995, '1', '', 0, 337, '2013-06-03 07:28:43', 0),
(996, '2', '', 1, 337, '2013-06-03 07:28:43', 0),
(997, '3', '', 0, 337, '2013-06-03 07:28:43', 0),
(998, '2', '', 1, 337, '2013-06-03 07:28:43', 0),
(999, '', '', 1, 338, '2013-06-03 07:28:44', 0),
(1000, 'Four', '', 1, 339, '2013-06-03 07:28:44', 0),
(1001, 'One', '1', 1, 340, '2013-06-03 07:28:44', 0),
(1002, 'Two', '2', 1, 340, '2013-06-03 07:28:44', 0),
(1003, 'Three', '3', 1, 340, '2013-06-03 07:28:44', 0),
(1004, 'Four', '4', 1, 340, '2013-06-03 07:28:44', 0),
(1005, 'Five', '5', 1, 340, '2013-06-03 07:28:44', 0),
(1006, 'One', '', 1, 341, '2013-06-03 07:28:44', 0),
(1007, 'Two', '', 1, 341, '2013-06-03 07:28:44', 0),
(1008, 'Three', '', 1, 341, '2013-06-03 07:28:45', 0),
(1009, 'Four', '', 1, 341, '2013-06-03 07:28:45', 0),
(1010, 'Five', '', 1, 341, '2013-06-03 07:28:45', 0),
(1011, 'Six', '', 1, 341, '2013-06-03 07:28:45', 0),
(1208, 'Select the range where you want the formulas', '', 1, 357, '2013-05-13 20:12:25', 0),
(1209, 'Enter the formula', '', 1, 357, '2013-05-13 20:12:25', 0),
(1210, 'Press Enter', '', 1, 357, '2013-05-13 20:12:25', 0),
(1306, '1', '', 1, 378, '2013-05-23 20:28:13', 0),
(1307, '2', '', 0, 378, '2013-05-23 20:28:13', 0),
(1308, '3', '', 0, 378, '2013-05-23 20:28:13', 0),
(1309, '4', '', 0, 378, '2013-05-23 20:28:13', 0),
(1310, '2', '', 1, 379, '2013-05-23 20:28:14', 0),
(1311, '3', '', 0, 379, '2013-05-23 20:28:14', 0),
(1312, '4', '', 0, 379, '2013-05-23 20:28:14', 0),
(1313, '2', '', 1, 379, '2013-05-23 20:28:14', 0),
(1314, '', '', 1, 380, '2013-05-23 20:28:14', 0),
(1315, 'four', '', 1, 381, '2013-05-23 20:28:14', 0),
(1316, 'One', '1', 1, 382, '2013-05-23 20:28:15', 0),
(1317, 'Two', '2', 1, 382, '2013-05-23 20:28:15', 0),
(1318, 'Three', '3', 1, 382, '2013-05-23 20:28:15', 0),
(1319, 'Four', '4', 1, 382, '2013-05-23 20:28:15', 0),
(1320, 'A', '', 1, 383, '2013-05-23 20:28:15', 0),
(1321, 'B', '', 1, 383, '2013-05-23 20:28:15', 0),
(1322, 'C', '', 1, 383, '2013-05-23 20:28:15', 0),
(1323, 'D', '', 1, 383, '2013-05-23 20:28:15', 0),
(1324, '1', '', 0, 384, '2013-05-23 20:36:49', 0),
(1325, '2', '', 0, 384, '2013-05-23 20:36:49', 0),
(1326, '3', '', 0, 384, '2013-05-23 20:36:49', 0),
(1327, '4', '', 0, 384, '2013-05-23 20:36:49', 0),
(1328, '1', 'One', 1, 385, '2013-05-23 20:36:49', 0),
(1329, '2', 'Two', 1, 385, '2013-05-23 20:36:49', 0),
(1330, '3', 'Three', 1, 385, '2013-05-23 20:36:49', 0),
(1331, '4', 'Four', 1, 385, '2013-05-23 20:36:50', 0),
(1332, '1', '', 0, 386, '2013-05-23 21:10:04', 0),
(1333, '2', '', 0, 386, '2013-05-23 21:10:04', 0),
(1334, '3', '', 0, 386, '2013-05-23 21:10:05', 0),
(1335, '4', '', 0, 386, '2013-05-23 21:10:05', 0),
(1336, '2', '', 1, 387, '2013-05-23 21:10:05', 0),
(1337, '3', '', 0, 387, '2013-05-23 21:10:05', 0),
(1338, '4', '', 0, 387, '2013-05-23 21:10:05', 0),
(1339, '2', '', 1, 387, '2013-05-23 21:10:05', 0),
(1340, '', '', 1, 388, '2013-05-23 21:10:05', 0),
(1341, 'Four', '', 1, 389, '2013-05-23 21:10:06', 0),
(1342, 'One', '1', 1, 390, '2013-05-23 21:10:06', 0),
(1343, 'Two', '2', 1, 390, '2013-05-23 21:10:06', 0),
(1344, 'Three', '3', 1, 390, '2013-05-23 21:10:06', 0),
(1345, 'Four', '4', 1, 390, '2013-05-23 21:10:06', 0),
(1346, 'Five', '5', 1, 390, '2013-05-23 21:10:06', 0),
(1347, '1', '', 1, 391, '2013-05-23 21:10:06', 0),
(1348, '2', '', 1, 391, '2013-05-23 21:10:06', 0),
(1349, '3', '', 1, 391, '2013-05-23 21:10:07', 0),
(1350, '4', '', 1, 391, '2013-05-23 21:10:07', 0),
(1351, '5', '', 1, 391, '2013-05-23 21:10:07', 0),
(1352, '6', '', 1, 391, '2013-05-23 21:10:07', 0),
(2521, '', '', 0, 760, '2013-06-09 20:14:44', 0),
(2522, 'Creating a new sheet', '', 0, 761, '2013-06-09 20:14:45', 0),
(2523, 'Copying a sheet', '', 0, 761, '2013-06-09 20:14:45', 0),
(2524, 'Renaming a sheet', '', 0, 761, '2013-06-09 20:14:45', 0),
(2525, 'Moving between sheets', '', 1, 761, '2013-06-09 20:14:45', 0),
(2526, '', '', 1, 762, '2013-06-09 20:14:45', 0),
(2527, 'One sheet to another', 'Ctrl + Page up or Page Down', 1, 763, '2013-06-09 20:14:45', 0),
(2528, 'One file to another ', 'Ctrl + Tab', 1, 763, '2013-06-09 20:14:45', 0),
(2529, 'One application to another', 'Alt + Tab', 1, 763, '2013-06-09 20:14:46', 0),
(2530, 'One cell to another', 'Tab', 1, 763, '2013-06-09 20:14:46', 0),
(2531, 'Minimize', 'Ctrl + F9', 1, 764, '2013-06-09 20:14:46', 0),
(2532, 'Maximize', 'Ctrl + F10', 1, 764, '2013-06-09 20:14:46', 0),
(2533, 'Restore', 'Ctrl + F5', 1, 764, '2013-06-09 20:14:46', 0),
(2534, 'Close', 'Ctrl + F4', 1, 764, '2013-06-09 20:14:46', 0),
(2535, 'Page Break Preview', '', 0, 765, '2013-06-09 20:14:47', 0),
(2536, 'Custom View', '', 0, 765, '2013-06-09 20:14:47', 0),
(2537, 'Normal View', '', 0, 765, '2013-06-09 20:14:47', 0),
(2538, 'Page Layout', '', 1, 765, '2013-06-09 20:14:47', 0),
(2539, 'Tiled', '', 0, 766, '2013-06-09 20:14:47', 0),
(2540, 'Vertical', '', 0, 766, '2013-06-09 20:14:47', 0),
(2541, 'Horizontal', '', 0, 766, '2013-06-09 20:14:47', 0),
(2542, 'Cascade', '', 1, 766, '2013-06-09 20:14:47', 0),
(2543, 'Paste Link', '', 0, 767, '2013-06-09 20:14:48', 0),
(2544, 'Validation', '', 0, 767, '2013-06-09 20:14:48', 0),
(2545, 'Skip Blanks', '', 0, 767, '2013-06-09 20:14:48', 0),
(2546, 'Transpose', '', 1, 767, '2013-06-09 20:14:48', 0),
(2547, 'Select the column', '', 1, 768, '2013-06-09 20:14:48', 0),
(2548, 'Use Goto ', '', 1, 768, '2013-06-09 20:14:48', 0),
(2549, 'Click on Special', '', 1, 768, '2013-06-09 20:14:48', 0),
(2550, 'Blanks', '', 1, 768, '2013-06-09 20:14:48', 0),
(2551, 'Click Ok', '', 1, 768, '2013-06-09 20:14:49', 0),
(2552, 'Select the range where you want formula', '', 1, 769, '2013-06-09 20:14:49', 0),
(2553, 'Enter the formula', '', 1, 769, '2013-06-09 20:14:49', 0),
(2554, 'Press Ctrl + Enter', '', 1, 769, '2013-06-09 20:14:49', 0),
(2555, 'Ctrl + ;', '', 0, 770, '2013-06-09 20:14:49', 0),
(2556, 'Today()', '', 0, 770, '2013-06-09 20:14:49', 0),
(2557, 'Time()', '', 0, 770, '2013-06-09 20:14:49', 0),
(2558, 'Now()', '', 1, 770, '2013-06-09 20:14:50', 0),
(2559, 'Blank Cells', '', 0, 771, '2013-06-09 20:14:50', 0),
(2560, 'Conditional Formatting', '', 0, 771, '2013-06-09 20:14:50', 0),
(2561, 'Validation', '', 0, 771, '2013-06-09 20:14:50', 0),
(2562, 'Merge Cells', '', 1, 771, '2013-06-09 20:14:50', 0),
(2563, 'Report Filter', '', 0, 772, '2013-06-09 20:14:51', 0),
(2564, 'Column Label', '', 0, 772, '2013-06-09 20:14:51', 0),
(2565, 'Row Label', '', 0, 772, '2013-06-09 20:14:51', 0),
(2566, '∑ Values', '', 1, 772, '2013-06-09 20:14:51', 0),
(2567, '3', '', 0, 773, '2013-06-09 20:14:51', 0),
(2568, '24', '', 0, 773, '2013-06-09 20:14:51', 0),
(2569, '64', '', 0, 773, '2013-06-09 20:14:51', 0),
(2570, 'Unlimited', '', 1, 773, '2013-06-09 20:14:51', 0),
(2571, '', '', 0, 774, '2013-06-09 20:14:52', 0),
(2572, 'Apply Filter', '', 0, 775, '2013-06-09 20:14:52', 0),
(2573, 'Apply Conditional formatting', '', 0, 775, '2013-06-09 20:14:52', 0),
(2574, 'Use the sum() function', '', 0, 775, '2013-06-09 20:14:52', 0),
(2575, 'Sort the table', '', 1, 775, '2013-06-09 20:14:52', 0),
(2576, '0 (Zero)', '', 1, 776, '2013-06-09 20:14:52', 0),
(2577, 'False', '', 1, 776, '2013-06-09 20:14:53', 0),
(2578, '1 (One)', '', 0, 776, '2013-06-09 20:14:53', 0),
(2579, 'True', '', 0, 776, '2013-06-09 20:14:53', 0),
(2580, 'Refresh', '', 1, 777, '2013-06-09 20:14:53', 0),
(2581, 'BODMAS', '', 1, 778, '2013-06-09 20:14:53', 0),
(2582, 'Auto Freeze', '', 1, 779, '2013-06-09 20:14:54', 0),
(2583, 'Auto Total Row', '', 1, 779, '2013-06-09 20:14:54', 0),
(2584, 'Auto copy of formulas', '', 1, 779, '2013-06-09 20:14:54', 0),
(2585, 'Auto sorting', '', 0, 779, '2013-06-09 20:14:54', 0),
(2586, '', '', 1, 780, '2013-06-09 20:14:54', 0),
(2587, 'Ctrl', '', 0, 781, '2013-06-09 20:14:55', 0),
(2588, 'Tab', '', 0, 781, '2013-06-09 20:14:55', 0),
(2589, 'Enter', '', 0, 781, '2013-06-09 20:14:55', 0),
(2590, 'Alt', '', 1, 781, '2013-06-09 20:14:55', 0),
(2591, '', '', 1, 782, '2013-06-09 20:14:55', 0),
(2592, 'Array Function', '', 0, 783, '2013-06-09 20:14:56', 0),
(2593, 'Nested IFs', '', 0, 783, '2013-06-09 20:14:56', 0),
(2594, 'Custom Function', '', 0, 783, '2013-06-09 20:14:56', 0),
(2595, 'Nested Function', '', 0, 783, '2013-06-09 20:14:56', 0),
(2596, 'Select the Chart', '', 1, 784, '2013-06-09 20:14:56', 0),
(2597, 'Goto Page Layout', '', 1, 784, '2013-06-09 20:14:56', 0),
(2598, 'Click on Page Setup (Dialog Box Launcher)', '', 1, 784, '2013-06-09 20:14:56', 0),
(2599, 'Click the tab Chart', '', 1, 784, '2013-06-09 20:14:57', 0),
(2600, 'Select Print in Black and White', '', 1, 784, '2013-06-09 20:14:57', 0),
(2601, 'Click Ok', '', 1, 784, '2013-06-09 20:14:57', 0),
(2602, '', '', 0, 785, '2013-06-09 20:14:57', 0),
(2603, 'Slide Sorter View', '', 0, 786, '2013-06-09 20:14:57', 0),
(2604, 'Normal View', '', 0, 786, '2013-06-09 20:14:57', 0),
(2605, 'Slide Show', '', 0, 786, '2013-06-09 20:14:57', 0),
(2606, 'Slide Master', '', 1, 786, '2013-06-09 20:14:58', 0),
(2607, 'Right Click and Goto that slide', '', 0, 787, '2013-06-09 20:14:58', 0),
(2608, 'Press Ctrl + G', '', 0, 787, '2013-06-09 20:14:58', 0),
(2609, 'Not Possible', '', 0, 787, '2013-06-09 20:14:58', 0),
(2610, 'Type the slide number and Press Enter', '', 1, 787, '2013-06-09 20:14:58', 0),
(2611, 'Run a slide show', '', 0, 788, '2013-06-09 20:14:58', 0),
(2612, 'Stop the slide show', '', 0, 788, '2013-06-09 20:14:58', 0),
(2613, 'Pause the slide show', '', 0, 788, '2013-06-09 20:14:58', 0),
(2614, 'Run slide show from current slide', '', 1, 788, '2013-06-09 20:14:59', 0),
(2615, 'No Idea', '', 0, 789, '2013-06-09 20:22:00', 0),
(2616, 'True', '', 0, 789, '2013-06-09 20:22:00', 0),
(2617, 'False', '', 1, 789, '2013-06-09 20:22:00', 0),
(2618, 'Accept formula or value in a cell', '', 0, 790, '2013-06-09 20:22:00', 0),
(2619, 'Accept only a function', '', 0, 790, '2013-06-09 20:22:00', 0),
(2620, 'Accept only a formula	', '', 0, 790, '2013-06-09 20:22:00', 0),
(2621, 'No Idea', '', 0, 790, '2013-06-09 20:22:00', 0),
(2622, 'Accept formula or value in multiple cell', '', 1, 790, '2013-06-09 20:22:00', 0),
(2623, 'Skip Blanks', '', 0, 791, '2013-06-09 20:22:01', 0),
(2624, 'Values', '', 0, 791, '2013-06-09 20:22:01', 0),
(2625, 'No Idea', '', 0, 791, '2013-06-09 20:22:01', 0),
(2626, 'Paste Link', '', 0, 791, '2013-06-09 20:22:01', 0),
(2627, 'Transpose', '', 1, 791, '2013-06-09 20:22:01', 0),
(2628, 'Row', '', 0, 792, '2013-06-09 20:22:01', 0),
(2629, 'Column', '', 0, 792, '2013-06-09 20:22:01', 0),
(2630, 'Cell', '', 0, 792, '2013-06-09 20:22:02', 0),
(2631, 'No Idea', '', 0, 792, '2013-06-09 20:22:02', 0),
(2632, 'Row or Column or Cell', '', 1, 792, '2013-06-09 20:22:02', 0),
(2633, 'A2 changes to B2', '', 0, 793, '2013-06-09 20:22:02', 0),
(2634, 'A2 changes to A3', '', 0, 793, '2013-06-09 20:22:02', 0),
(2635, 'A2 changes to B3', '', 0, 793, '2013-06-09 20:22:02', 0),
(2636, 'No Idea', '', 0, 793, '2013-06-09 20:22:02', 0),
(2637, 'A2 will remain A2', '', 1, 793, '2013-06-09 20:22:02', 0),
(2638, 'Normal', '', 0, 794, '2013-06-09 20:22:03', 0),
(2639, 'Page Break Preview', '', 0, 794, '2013-06-09 20:22:03', 0),
(2640, 'Custom Views', '', 0, 794, '2013-06-09 20:22:03', 0),
(2641, 'No Idea', '', 0, 794, '2013-06-09 20:22:03', 0),
(2642, 'Page Layout', '', 1, 794, '2013-06-09 20:22:03', 0),
(2643, 'Empty Cell', '', 0, 795, '2013-06-09 20:22:03', 0),
(2644, 'Empty Row', '', 0, 795, '2013-06-09 20:22:03', 0),
(2645, 'Validation', '', 0, 795, '2013-06-09 20:22:04', 0),
(2646, 'No Idea', '', 0, 795, '2013-06-09 20:22:04', 0),
(2647, 'Merged Cells', '', 1, 795, '2013-06-09 20:22:04', 0),
(2648, 'Alt + Tab', '', 0, 796, '2013-06-09 20:22:04', 0),
(2649, 'Shift + Tab', '', 0, 796, '2013-06-09 20:22:04', 0),
(2650, 'Ctrl + Page Up or Page Down', '', 0, 796, '2013-06-09 20:22:04', 0),
(2651, 'No Idea', '', 0, 796, '2013-06-09 20:22:04', 0),
(2652, 'Ctrl + Tab', '', 1, 796, '2013-06-09 20:22:04', 0),
(2653, 'Sort', '', 0, 797, '2013-06-09 20:22:05', 0),
(2654, 'Filter', '', 0, 797, '2013-06-09 20:22:05', 0),
(2655, 'Remove Duplicates', '', 0, 797, '2013-06-09 20:22:05', 0),
(2656, 'No Idea', '', 0, 797, '2013-06-09 20:22:05', 0),
(2657, 'Validation', '', 1, 797, '2013-06-09 20:22:05', 0),
(2658, 'True', '', 0, 798, '2013-06-09 20:22:05', 0),
(2659, 'No Idea', '', 0, 798, '2013-06-09 20:22:05', 0),
(2660, 'False', '', 1, 798, '2013-06-09 20:22:05', 0),
(2661, 'Row Number', '', 0, 799, '2013-06-09 20:22:06', 0),
(2662, 'Column Number', '', 0, 799, '2013-06-09 20:22:06', 0),
(2663, 'No Idea', '', 0, 799, '2013-06-09 20:22:06', 0),
(2664, 'Function Number', '', 1, 799, '2013-06-09 20:22:06', 0),
(2665, 'Filter the table', '', 0, 800, '2013-06-09 20:22:06', 0),
(2666, 'Remove the duplicate', '', 0, 800, '2013-06-09 20:22:06', 0),
(2667, 'Validate the table', '', 0, 800, '2013-06-09 20:22:06', 0),
(2668, 'No Idea', '', 0, 800, '2013-06-09 20:22:06', 0),
(2669, 'Sort the Table', '', 1, 800, '2013-06-09 20:22:07', 0),
(2670, 'Row Label', '', 0, 801, '2013-06-09 20:22:07', 0),
(2671, 'Column Label', '', 0, 801, '2013-06-09 20:22:07', 0),
(2672, 'Report Filter', '', 0, 801, '2013-06-09 20:22:07', 0),
(2673, 'No Idea', '', 0, 801, '2013-06-09 20:22:07', 0),
(2674, '∑ Values', '', 1, 801, '2013-06-09 20:22:07', 0),
(2675, '0 (Zero)', '', 0, 802, '2013-06-09 20:22:07', 0),
(2676, 'False', '', 0, 802, '2013-06-09 20:22:07', 0),
(2677, '1 (One)', '', 0, 802, '2013-06-09 20:22:08', 0),
(2678, 'True', '', 0, 802, '2013-06-09 20:22:08', 0),
(2679, '0 (Zero) or False', '', 0, 802, '2013-06-09 20:22:08', 0),
(2680, '1 (One) or True', '', 0, 802, '2013-06-09 20:22:08', 0),
(2681, 'No Idea', '', 1, 802, '2013-06-09 20:22:08', 0),
(2682, 'Recreated', '', 0, 803, '2013-06-09 20:22:08', 0),
(2683, 'Updated', '', 0, 803, '2013-06-09 20:22:08', 0),
(2684, 'Change Data Source', '', 0, 803, '2013-06-09 20:22:08', 0),
(2685, 'No Idea', '', 0, 803, '2013-06-09 20:22:09', 0),
(2686, 'Refresh', '', 1, 803, '2013-06-09 20:22:09', 0),
(2687, 'Line', '', 0, 804, '2013-06-09 20:22:09', 0),
(2688, 'Column', '', 0, 804, '2013-06-09 20:22:09', 0),
(2689, 'Bar', '', 0, 804, '2013-06-09 20:22:09', 0),
(2690, 'No Idea', '', 0, 804, '2013-06-09 20:22:09', 0),
(2691, 'Pie', '', 1, 804, '2013-06-09 20:22:09', 0),
(2692, 'Alt + F4', '', 0, 805, '2013-06-09 20:22:09', 0),
(2693, 'Ctrl + C', '', 0, 805, '2013-06-09 20:22:10', 0),
(2694, 'Ctrl + X', '', 0, 805, '2013-06-09 20:22:10', 0),
(2695, 'No Idea', '', 0, 805, '2013-06-09 20:22:10', 0),
(2696, 'Ctrl + F4', '', 0, 805, '2013-06-09 20:22:10', 0),
(2697, 'F11', '', 0, 806, '2013-06-09 20:22:10', 0),
(2698, 'Ctrl + N', '', 0, 806, '2013-06-09 20:22:10', 0),
(2699, 'Ctrl + F11', '', 0, 806, '2013-06-09 20:22:10', 0),
(2700, 'No Idea', '', 0, 806, '2013-06-09 20:22:10', 0),
(2701, 'Shift + F11', '', 1, 806, '2013-06-09 20:22:10', 0),
(2702, 'Ctrl', '', 0, 807, '2013-06-09 20:22:11', 0),
(2703, 'Tab', '', 0, 807, '2013-06-09 20:22:11', 0),
(2704, 'Shift', '', 0, 807, '2013-06-09 20:22:11', 0),
(2705, 'No Idea', '', 0, 807, '2013-06-09 20:22:11', 0),
(2706, 'Alt', '', 1, 807, '2013-06-09 20:22:11', 0),
(2707, 'False', '', 0, 808, '2013-06-09 20:22:11', 0),
(2708, 'No Idea', '', 0, 808, '2013-06-09 20:22:11', 0),
(2709, 'True', '', 1, 808, '2013-06-09 20:22:12', 0),
(2722, '1', '', 0, 812, '2013-06-10 14:04:06', 0),
(2723, '2', '', 0, 812, '2013-06-10 14:04:06', 0),
(2724, '3', '', 0, 812, '2013-06-10 14:04:06', 0),
(2725, '4', '', 0, 812, '2013-06-10 14:04:06', 0);

-- --------------------------------------------------------

--
-- Table structure for table `category`
--

CREATE TABLE IF NOT EXISTS `category` (
  `id` int(11) NOT NULL AUTO_INCREMENT,
  `name` varchar(500) NOT NULL,
  `code` varchar(150) NOT NULL,
  `logo` varchar(1500) NOT NULL,
  `date_created` timestamp NOT NULL DEFAULT CURRENT_TIMESTAMP,
  `status` int(11) NOT NULL,
  PRIMARY KEY (`id`)
) ENGINE=InnoDB  DEFAULT CHARSET=latin1 AUTO_INCREMENT=33 ;

--
-- Dumping data for table `category`
--

INSERT INTO `category` (`id`, `name`, `code`, `logo`, `date_created`, `status`) VALUES
(2, 'PHP', 'php', '', '2012-11-22 16:58:55', 0),
(11, 'PHP', 'php', '', '2012-11-22 16:58:55', 0),
(12, 'xml', '1', '', '2013-04-02 08:03:17', 1),
(13, 'HTML', '2', '', '2013-04-02 08:14:58', 1),
(14, 'satya', '88881111', '', '2013-04-02 10:07:59', 1),
(15, 'Testing', 'Testing', '', '2013-04-02 10:20:52', 1),
(16, 'Java', 'java1', '', '2013-04-04 06:39:02', 1),
(17, 'Css', 'css1', '', '2013-04-04 06:45:52', 0),
(18, 'Bootstrap', 'boot1', '', '2013-04-04 06:46:05', 1),
(19, 'Jquery', 'jquery1', '', '2013-04-04 06:46:19', 1),
(20, 'JS', 'js1', '', '2013-04-04 06:46:47', 1),
(21, 'Oracle', 'ora1', '', '2013-04-04 06:47:22', 1),
(22, 'Dot net', 'dot1', '', '2013-04-04 06:48:24', 1),
(23, 'sample2204 java', '1234', '', '2013-04-22 09:33:18', 1),
(24, 'Testing Testing', '1122', '', '2013-05-23 20:34:40', 1),
(25, 'Testing Quality', '001123', '', '2013-05-23 21:04:21', 1),
(26, 'Testing Quality', '001123', '', '2013-05-23 21:05:04', 1),
(27, 'Testing Quality', '001123', '', '2013-05-23 21:10:33', 1),
(28, 'Testing Quality', '001123', '', '2013-05-23 21:13:08', 1),
(29, 'Testing Quality', '001123', '', '2013-05-23 21:22:36', 1),
(30, 'Testing Quality', '001123', '', '2013-05-23 21:23:00', 1),
(31, 'Testing Quality', '001123', '', '2013-05-23 23:14:29', 1),
(32, 'MS Office 2010', '2010MS', '', '2013-06-07 22:17:44', 1);

-- --------------------------------------------------------

--
-- Table structure for table `product_key_test_users`
--

CREATE TABLE IF NOT EXISTS `product_key_test_users` (
  `id` int(11) NOT NULL AUTO_INCREMENT,
  `product_key` varchar(50) NOT NULL,
  `test_id` int(11) NOT NULL,
  `test_type_id` int(11) NOT NULL,
  `test_user_id` int(11) DEFAULT NULL,
  `status` char(1) NOT NULL DEFAULT '1',
  PRIMARY KEY (`id`),
  KEY `idx_product_key_test_users` (`test_user_id`),
  KEY `idx_product_key_test_users_0` (`test_id`)
) ENGINE=InnoDB  DEFAULT CHARSET=latin1 AUTO_INCREMENT=346 ;

--
-- Dumping data for table `product_key_test_users`
--

INSERT INTO `product_key_test_users` (`id`, `product_key`, `test_id`, `test_type_id`, `test_user_id`, `status`) VALUES
(7, 'RL6DL9CCPW2Z6XU3', 15, 0, NULL, '1'),
(8, 'OZN9MWQFR8LOD4FV', 15, 0, NULL, '1'),
(9, 'Y2BZ62ZEW1PON08F', 15, 0, NULL, '1'),
(10, '6S2L3O1BARLBP86L', 15, 0, NULL, '1'),
(11, 'KV2H4N6BMGWFDWQ9', 15, 0, NULL, '1'),
(12, 'IEL4DZ3B9Q13G4CB', 15, 0, NULL, '1'),
(13, '2URKEFYM6KPYCUQX', 15, 0, NULL, '1'),
(14, '9XPUR2ZBOPEPYF06', 15, 0, NULL, '1'),
(15, 'WNDZI4ODF6I0EP5T', 15, 0, NULL, '1'),
(16, 'DAYMU6A3BW0SWA2', 15, 0, NULL, '1'),
(17, 'VP955MIZ1PIA2C1', 15, 0, NULL, '1'),
(18, 'K8TTCEBMYVRUF7TT', 15, 0, NULL, '1'),
(19, 'UO3EASQKPBO1ZDRR', 15, 0, NULL, '1'),
(20, 'ZTFGOEGKCVVXD93', 15, 0, NULL, '1'),
(21, 'VGXNPWV8C2T4N3OS', 15, 0, NULL, '1'),
(22, '90K1BDX8M1XG2HW', 15, 0, NULL, '1'),
(23, 'XSL7B8LM3J15PO41', 15, 0, NULL, '1'),
(24, 'S8YF0WU9AZ02PT64', 15, 0, NULL, '1'),
(25, '3UTRTOGDHNR6LLKF', 15, 0, NULL, '1'),
(26, 'AW4JO0CAV3LZGQ5', 15, 0, NULL, '1'),
(27, '07Y7W4DEJ8GOEK8A', 15, 0, NULL, '1'),
(28, 'NXU5ICXX7EQRL3M1', 15, 0, NULL, '1'),
(29, '25S4M100W77AIP0R', 15, 0, NULL, '1'),
(30, 'VQQH9VEQ1NUGFBF3', 13, 1, NULL, '1'),
(31, 'VQQH9VEQ1NUGFBF3', 13, 2, NULL, '1'),
(32, 'FEINSM0PDML4JX6', 3, 1, NULL, '1'),
(33, 'FEINSM0PDML4JX6', 3, 2, NULL, '1'),
(34, 'FV9A4OEBFCBY7ND9', 3, 1, NULL, '1'),
(35, 'FV9A4OEBFCBY7ND9', 3, 2, NULL, '1'),
(36, 'HV81GYQGUCQWZT', 3, 1, NULL, '1'),
(37, 'HV81GYQGUCQWZT', 3, 2, NULL, '1'),
(38, 'LSMV4IBDEAXPEPDI', 3, 1, NULL, '1'),
(39, 'LSMV4IBDEAXPEPDI', 3, 2, NULL, '1'),
(40, '48F85U4BBDORNGF1', 3, 1, NULL, '1'),
(41, '48F85U4BBDORNGF1', 3, 2, NULL, '1'),
(42, '304JZ281BE0ERZKG', 3, 1, NULL, '1'),
(43, '304JZ281BE0ERZKG', 3, 2, NULL, '1'),
(44, 'JWSEN0NK6D9OM7F', 3, 1, NULL, '1'),
(45, 'JWSEN0NK6D9OM7F', 3, 2, NULL, '1'),
(46, '8NGHLLTRW01WC7U3', 3, 1, NULL, '1'),
(47, '8NGHLLTRW01WC7U3', 3, 2, NULL, '1'),
(48, 'V575XKWN8YL6HLDZ', 3, 1, NULL, '1'),
(49, 'V575XKWN8YL6HLDZ', 3, 2, NULL, '1'),
(50, 'R3IXRY3ZT74FB4DD', 3, 1, NULL, '1'),
(51, 'R3IXRY3ZT74FB4DD', 3, 2, NULL, '1'),
(52, 'YH4A97QSSK9S2CB', 3, 1, NULL, '1'),
(53, 'YH4A97QSSK9S2CB', 3, 2, NULL, '1'),
(54, 'AVA3YJ2NV49UUH2Z', 3, 1, NULL, '1'),
(55, 'AVA3YJ2NV49UUH2Z', 3, 2, NULL, '1'),
(56, '5YY23E5H9LNUCPYW', 3, 1, NULL, '1'),
(57, '5YY23E5H9LNUCPYW', 3, 2, NULL, '1'),
(58, '3W7G4CTBEFHPVOS', 3, 1, NULL, '1'),
(59, '3W7G4CTBEFHPVOS', 3, 2, NULL, '1'),
(60, 'ASH2C6EWP0C0RZV', 3, 1, NULL, '1'),
(61, 'ASH2C6EWP0C0RZV', 3, 2, NULL, '1'),
(62, 'DOJIUHB4WJNRWN0', 3, 1, NULL, '1'),
(63, 'DOJIUHB4WJNRWN0', 3, 2, NULL, '1'),
(64, 'DOJIUHB4WJNRWN0', 3, 3, NULL, '1'),
(65, '5L37240BT4WSWG33', 3, 1, NULL, '1'),
(66, '5L37240BT4WSWG33', 3, 2, NULL, '1'),
(67, '5L37240BT4WSWG33', 3, 3, NULL, '1'),
(68, 'U3K8HFEL2A9GFMYG', 3, 1, NULL, '1'),
(69, 'U3K8HFEL2A9GFMYG', 3, 2, NULL, '1'),
(70, 'U3K8HFEL2A9GFMYG', 3, 3, NULL, '1'),
(71, 'Y5TVSKJIF3WZHIYC', 3, 1, NULL, '1'),
(72, 'Y5TVSKJIF3WZHIYC', 3, 2, NULL, '1'),
(73, 'Y5TVSKJIF3WZHIYC', 3, 3, NULL, '1'),
(74, '4NDS9YTJHXD6GHT8', 3, 1, NULL, '1'),
(75, '4NDS9YTJHXD6GHT8', 3, 2, NULL, '1'),
(76, '4NDS9YTJHXD6GHT8', 3, 3, NULL, '1'),
(77, '7UQZO0AWFES7KA91', 3, 1, NULL, '1'),
(78, '7UQZO0AWFES7KA91', 3, 2, NULL, '1'),
(79, '7UQZO0AWFES7KA91', 3, 3, NULL, '1'),
(80, 'W65RINJZ9KCLR4ED', 3, 1, NULL, '1'),
(81, 'W65RINJZ9KCLR4ED', 3, 2, NULL, '1'),
(82, 'W65RINJZ9KCLR4ED', 3, 3, NULL, '1'),
(83, '7Z0O9AYL0UASCT', 3, 1, NULL, '1'),
(84, '7Z0O9AYL0UASCT', 3, 2, NULL, '1'),
(85, '7Z0O9AYL0UASCT', 3, 3, NULL, '1'),
(86, '4HYTTMRZOW5P6OH', 3, 1, NULL, '1'),
(87, '4HYTTMRZOW5P6OH', 3, 2, NULL, '1'),
(88, '4HYTTMRZOW5P6OH', 3, 3, NULL, '1'),
(89, '2MOUY269JAUPYQ4K', 3, 1, NULL, '1'),
(90, '2MOUY269JAUPYQ4K', 3, 2, NULL, '1'),
(91, '2MOUY269JAUPYQ4K', 3, 3, NULL, '1'),
(92, 'JOI2V3QUKUE6NU', 3, 1, NULL, '1'),
(93, 'JOI2V3QUKUE6NU', 3, 2, NULL, '1'),
(94, 'JOI2V3QUKUE6NU', 3, 3, NULL, '1'),
(95, 'W94J10KFIBHOWYSB', 3, 1, NULL, '1'),
(96, 'W94J10KFIBHOWYSB', 3, 2, NULL, '1'),
(97, 'W94J10KFIBHOWYSB', 3, 3, NULL, '1'),
(98, '2VR4YKC4RM253AF', 3, 1, NULL, '1'),
(99, '2VR4YKC4RM253AF', 3, 2, NULL, '1'),
(100, '2VR4YKC4RM253AF', 3, 3, NULL, '1'),
(101, 'FNTLL51O3MCG6DZ', 3, 1, NULL, '1'),
(102, 'FNTLL51O3MCG6DZ', 3, 2, NULL, '1'),
(103, 'FNTLL51O3MCG6DZ', 3, 3, NULL, '1'),
(104, '7UO7LXZZ6UXJIT6D', 3, 1, NULL, '1'),
(105, '7UO7LXZZ6UXJIT6D', 3, 2, NULL, '1'),
(106, '7UO7LXZZ6UXJIT6D', 3, 3, NULL, '1'),
(107, 'S68KJO7TN56AUSR2', 13, 1, NULL, '1'),
(108, 'S68KJO7TN56AUSR2', 13, 2, NULL, '1'),
(109, '5ACLMXA6793I8WH', 13, 1, NULL, '1'),
(110, '5ACLMXA6793I8WH', 13, 2, NULL, '1'),
(111, 'MK1MN706KO96RVCJ', 13, 1, NULL, '1'),
(112, 'MK1MN706KO96RVCJ', 13, 2, NULL, '1'),
(113, 'P9H10H17BW0PG98M', 13, 1, NULL, '1'),
(114, 'P9H10H17BW0PG98M', 13, 2, NULL, '1'),
(115, '0BUPW7OK7G06UXRR', 13, 1, NULL, '1'),
(116, '0BUPW7OK7G06UXRR', 13, 2, NULL, '1'),
(117, 'NXKTHWL4VCOP0MW0', 13, 1, NULL, '1'),
(118, 'NXKTHWL4VCOP0MW0', 13, 2, NULL, '1'),
(119, 'GWHYZRA3ZIKL3WB', 13, 1, NULL, '1'),
(120, 'GWHYZRA3ZIKL3WB', 13, 2, NULL, '1'),
(121, 'NBFGUS6HJ1J17YYR', 13, 1, NULL, '1'),
(122, 'NBFGUS6HJ1J17YYR', 13, 2, NULL, '1'),
(123, 'F9U3RNFI0PA7O7JR', 13, 1, NULL, '1'),
(124, 'F9U3RNFI0PA7O7JR', 13, 2, NULL, '1'),
(125, '8FRLHF57T7RY07TE', 13, 1, NULL, '1'),
(126, '8FRLHF57T7RY07TE', 13, 2, NULL, '1'),
(127, 'HXK80NATOK1GHLW', 13, 1, NULL, '1'),
(128, 'HXK80NATOK1GHLW', 13, 2, NULL, '1'),
(129, '1T5U5JNAA4N6XF2', 13, 1, NULL, '1'),
(130, '1T5U5JNAA4N6XF2', 13, 2, NULL, '1'),
(131, '23PJU2ET7TNF63G', 13, 1, NULL, '1'),
(132, '23PJU2ET7TNF63G', 13, 2, NULL, '1'),
(133, 'DSSR39IGKT91LEMD', 13, 1, NULL, '1'),
(134, 'DSSR39IGKT91LEMD', 13, 2, NULL, '1'),
(135, 'GKD3JU2DELFR4JB', 13, 1, NULL, '1'),
(136, 'GKD3JU2DELFR4JB', 13, 2, NULL, '1'),
(137, 'KRJBK7D6JLKUQEVC', 13, 1, NULL, '1'),
(138, 'KRJBK7D6JLKUQEVC', 13, 2, NULL, '1'),
(139, 'ZWWRMIASGG59Y7D', 13, 1, NULL, '1'),
(140, 'ZWWRMIASGG59Y7D', 13, 2, NULL, '1'),
(141, '3LV1OFX4MI8H090', 13, 1, NULL, '1'),
(142, '3LV1OFX4MI8H090', 13, 2, NULL, '1'),
(143, '75TVZ8Z29FGEH7CC', 13, 1, NULL, '1'),
(144, '75TVZ8Z29FGEH7CC', 13, 2, NULL, '1'),
(145, '7SA3I3ABHHL5TWK', 13, 1, NULL, '1'),
(146, '7SA3I3ABHHL5TWK', 13, 2, NULL, '1'),
(147, 'W7YY63FW2NC6OX', 13, 1, NULL, '1'),
(148, 'W7YY63FW2NC6OX', 13, 2, NULL, '1'),
(149, 'W7YY63FW2NC6OX', 13, 3, NULL, '1'),
(150, 'GBEPHX6NYNV7Y0R', 13, 1, NULL, '1'),
(151, 'GBEPHX6NYNV7Y0R', 13, 2, NULL, '1'),
(152, 'GBEPHX6NYNV7Y0R', 13, 3, NULL, '1'),
(153, '010ESHUAYLUYZYZH', 13, 1, 2, '1'),
(154, '010ESHUAYLUYZYZH', 13, 2, 7, '1'),
(155, '010ESHUAYLUYZYZH', 13, 3, NULL, '1'),
(156, '3IT5C0OB4M9L717Y', 13, 1, NULL, '1'),
(157, '3IT5C0OB4M9L717Y', 13, 2, NULL, '1'),
(158, '3IT5C0OB4M9L717Y', 13, 3, NULL, '1'),
(159, 'N4B5CU1230TKUBWO', 13, 1, NULL, '1'),
(160, 'N4B5CU1230TKUBWO', 13, 2, NULL, '1'),
(161, 'N4B5CU1230TKUBWO', 13, 3, NULL, '1'),
(162, 'R3VG4MGHVP57P', 13, 1, NULL, '1'),
(163, 'R3VG4MGHVP57P', 13, 2, NULL, '1'),
(164, 'R3VG4MGHVP57P', 13, 3, NULL, '1'),
(165, 'VU9PA91JNEG8VA1S', 13, 1, NULL, '1'),
(166, 'VU9PA91JNEG8VA1S', 13, 2, NULL, '1'),
(167, 'VU9PA91JNEG8VA1S', 13, 3, NULL, '1'),
(168, '2J5O9WRH9398JQM', 13, 1, NULL, '1'),
(169, '2J5O9WRH9398JQM', 13, 2, NULL, '1'),
(170, '2J5O9WRH9398JQM', 13, 3, NULL, '1'),
(171, 'NKQ4TC4WHFYE8QFB', 13, 1, NULL, '1'),
(172, 'NKQ4TC4WHFYE8QFB', 13, 2, NULL, '1'),
(173, 'NKQ4TC4WHFYE8QFB', 13, 3, NULL, '1'),
(174, 'QYGUOZQCABTK84NT', 13, 1, NULL, '1'),
(175, 'QYGUOZQCABTK84NT', 13, 2, NULL, '1'),
(176, 'QYGUOZQCABTK84NT', 13, 3, NULL, '1'),
(177, 'ZQ90TW3BBS3HJEI7', 13, 1, NULL, '1'),
(178, 'ZQ90TW3BBS3HJEI7', 13, 2, NULL, '1'),
(179, 'ZQ90TW3BBS3HJEI7', 13, 3, NULL, '1'),
(180, '4ET708EG6UFAJMUZ', 13, 1, NULL, '1'),
(181, '4ET708EG6UFAJMUZ', 13, 2, NULL, '1'),
(182, '4ET708EG6UFAJMUZ', 13, 3, NULL, '1'),
(183, 'XMCV6IJ9FD5R2G1', 13, 1, NULL, '1'),
(184, 'XMCV6IJ9FD5R2G1', 13, 2, NULL, '1'),
(185, 'XMCV6IJ9FD5R2G1', 13, 3, NULL, '1'),
(186, 'TZ7RC4A7OHLFL6E', 13, 1, NULL, '1'),
(187, 'TZ7RC4A7OHLFL6E', 13, 2, NULL, '1'),
(188, 'TZ7RC4A7OHLFL6E', 13, 3, NULL, '1'),
(189, 'Z8KBYPE1AQR25KRN', 13, 1, NULL, '1'),
(190, 'Z8KBYPE1AQR25KRN', 13, 2, NULL, '1'),
(191, 'Z8KBYPE1AQR25KRN', 13, 3, NULL, '1'),
(192, '0W6L4LZ1H6UEUVSP', 13, 1, NULL, '1'),
(193, '0W6L4LZ1H6UEUVSP', 13, 2, NULL, '1'),
(194, '0W6L4LZ1H6UEUVSP', 13, 3, NULL, '1'),
(195, 'MIQDXYWBSLZYZB', 13, 1, NULL, '1'),
(196, 'MIQDXYWBSLZYZB', 13, 2, NULL, '1'),
(197, 'MIQDXYWBSLZYZB', 13, 3, NULL, '1'),
(198, 'TPKN408UQO956OO3', 13, 1, NULL, '1'),
(199, 'TPKN408UQO956OO3', 13, 2, NULL, '1'),
(200, 'TPKN408UQO956OO3', 13, 3, NULL, '1'),
(201, 'UFG831CB9ME5O1G5', 13, 1, NULL, '1'),
(202, 'UFG831CB9ME5O1G5', 13, 2, NULL, '1'),
(203, 'UFG831CB9ME5O1G5', 13, 3, NULL, '1'),
(204, '39M0U9TZIK8NUDTS', 13, 1, NULL, '1'),
(205, '39M0U9TZIK8NUDTS', 13, 2, NULL, '1'),
(206, '39M0U9TZIK8NUDTS', 13, 3, NULL, '1'),
(207, 'BY2TCEA9Z7EN7', 13, 1, NULL, '1'),
(208, 'BY2TCEA9Z7EN7', 13, 2, NULL, '1'),
(209, 'BY2TCEA9Z7EN7', 13, 3, NULL, '1'),
(210, '8XW4GNGLK7FASY', 13, 1, NULL, '1'),
(211, '8XW4GNGLK7FASY', 13, 2, NULL, '1'),
(212, '8XW4GNGLK7FASY', 13, 3, NULL, '1'),
(213, 'S1LCHR84D950VMO0', 13, 1, NULL, '1'),
(214, 'S1LCHR84D950VMO0', 13, 2, NULL, '1'),
(215, 'S1LCHR84D950VMO0', 13, 3, NULL, '1'),
(216, 'RWM4YYZAO5D7ZE5M', 13, 1, NULL, '1'),
(217, 'RWM4YYZAO5D7ZE5M', 13, 2, NULL, '1'),
(218, 'RWM4YYZAO5D7ZE5M', 13, 3, NULL, '1'),
(219, 'GNH1U72B1VDEEN3', 13, 1, NULL, '1'),
(220, 'GNH1U72B1VDEEN3', 13, 2, NULL, '1'),
(221, 'GNH1U72B1VDEEN3', 13, 3, NULL, '1'),
(222, 'LVNXIMMLUYOPT34B', 13, 1, NULL, '1'),
(223, 'LVNXIMMLUYOPT34B', 13, 2, NULL, '1'),
(224, 'LVNXIMMLUYOPT34B', 13, 3, NULL, '1'),
(225, 'R00IW8S6QTOC7DJB', 13, 1, NULL, '1'),
(226, 'R00IW8S6QTOC7DJB', 13, 2, NULL, '1'),
(227, 'R00IW8S6QTOC7DJB', 13, 3, NULL, '1'),
(228, 'LKELYXF4S5DESRW1', 13, 1, NULL, '1'),
(229, 'LKELYXF4S5DESRW1', 13, 2, NULL, '1'),
(230, 'LKELYXF4S5DESRW1', 13, 3, NULL, '1'),
(231, 'OS6124NYXDW8Y262', 13, 1, NULL, '1'),
(232, 'OS6124NYXDW8Y262', 13, 2, NULL, '1'),
(233, 'OS6124NYXDW8Y262', 13, 3, NULL, '1'),
(234, 'HTM4G1T6G8QT3GGT', 13, 1, NULL, '1'),
(235, 'HTM4G1T6G8QT3GGT', 13, 2, NULL, '1'),
(236, 'HTM4G1T6G8QT3GGT', 13, 3, NULL, '1'),
(237, 'YMPKPAWUTD459MS5', 16, 1, NULL, '1'),
(238, 'YMPKPAWUTD459MS5', 16, 2, NULL, '1'),
(239, 'YMPKPAWUTD459MS5', 16, 3, NULL, '1'),
(240, 'HM3D5CY6055ARVR9', 16, 1, NULL, '1'),
(241, 'HM3D5CY6055ARVR9', 16, 2, NULL, '1'),
(242, 'HM3D5CY6055ARVR9', 16, 3, NULL, '1'),
(243, 'KHFKSVLM4ZPEYFC7', 16, 1, NULL, '1'),
(244, 'KHFKSVLM4ZPEYFC7', 16, 2, NULL, '1'),
(245, 'KHFKSVLM4ZPEYFC7', 16, 3, NULL, '1'),
(246, 'HU9SJFL6F4D3DD0O', 16, 1, NULL, '1'),
(247, 'HU9SJFL6F4D3DD0O', 16, 2, NULL, '1'),
(248, 'HU9SJFL6F4D3DD0O', 16, 3, NULL, '1'),
(249, 'S4RKK1HGID1SF6', 16, 1, NULL, '1'),
(250, 'S4RKK1HGID1SF6', 16, 2, NULL, '1'),
(251, 'S4RKK1HGID1SF6', 16, 3, NULL, '1'),
(252, 'OWOIKZ527Y2OWQ89', 16, 1, NULL, '1'),
(253, 'OWOIKZ527Y2OWQ89', 16, 2, NULL, '1'),
(254, 'OWOIKZ527Y2OWQ89', 16, 3, NULL, '1'),
(255, '59NSHERHYSI161KI', 16, 1, NULL, '1'),
(256, '59NSHERHYSI161KI', 16, 2, NULL, '1'),
(257, '59NSHERHYSI161KI', 16, 3, NULL, '1'),
(258, 'E57RAZBE3VS65B6P', 16, 1, NULL, '1'),
(259, 'E57RAZBE3VS65B6P', 16, 2, NULL, '1'),
(260, 'E57RAZBE3VS65B6P', 16, 3, NULL, '1'),
(261, 'JRG8CBH5PU9HY67', 16, 1, NULL, '1'),
(262, 'JRG8CBH5PU9HY67', 16, 2, NULL, '1'),
(263, 'JRG8CBH5PU9HY67', 16, 3, NULL, '1'),
(264, 'MYGT82ZL69LYD38S', 16, 1, NULL, '1'),
(265, 'MYGT82ZL69LYD38S', 16, 2, NULL, '1'),
(266, 'MYGT82ZL69LYD38S', 16, 3, NULL, '1'),
(267, 'RGN79Q0K6IQKEICV', 17, 1, NULL, '1'),
(268, 'FEZHAC0NK7BF6HM4', 17, 1, NULL, '1'),
(269, 'PMPNPXA6DL5LAAA', 17, 1, NULL, '1'),
(270, 'IB53MJ4GLZQRAGBU', 17, 1, NULL, '1'),
(271, '7J94YS7VGDH98X7N', 17, 1, NULL, '1'),
(272, 'CEWD11W0NFF8K5HD', 17, 1, NULL, '1'),
(273, 'UZABDR00FZNB9VA', 17, 1, NULL, '1'),
(274, '6DPZ9XJMB93UYZN', 17, 1, NULL, '1'),
(275, 'LVGDQY1UK8XAS1N', 17, 1, NULL, '1'),
(276, 'VGOQZW18XVJMIG1', 18, 3, NULL, '1'),
(277, 'UQ54X2UXGEG8EDP', 17, 3, NULL, '1'),
(278, 'CDIF1YNZWTJKT6N', 22, 1, 2, '0'),
(279, 'MQXOT5BQCOYMPZEM', 22, 1, NULL, '1'),
(280, 'RF6G5AQOUM33T4D', 22, 1, NULL, '1'),
(281, 'S7AH12I3BTTVXO4G', 22, 1, NULL, '1'),
(282, 'WC83954T61J1O', 22, 1, 3, '0'),
(283, '5SSJC0VOI5SSKVE', 25, 1, NULL, '1'),
(284, 'LEN2OXAUCWJBXJM', 26, 1, 2, '1'),
(285, 'NQC7RUCYA1Y68XG', 26, 1, NULL, '1'),
(286, 'SCVH4IC2PQ5NEW', 29, 1, NULL, '1'),
(287, 'XDORWTZZMSMEPHCX', 13, 3, NULL, '1'),
(288, 'HYEC05WBM1XKWRB1', 13, 3, NULL, '1'),
(289, '0Q9CO5KF1EF03RL', 39, 3, NULL, '1'),
(290, 'IML5U3E9OC2IBV9H', 33, 1, 4, '1'),
(291, 'IML5U3E9OC2IBV9H', 33, 2, 5, '1'),
(292, 'IML5U3E9OC2IBV9H', 33, 3, NULL, '1'),
(293, '2MQ95P84LIV5X3YS', 40, 3, 5, '1'),
(294, 'XANN7JXET8XD4TJ9', 40, 3, 4, '1'),
(295, 'TJY9M5EY2GSU6EJ', 34, 3, NULL, '1'),
(296, 'ILXXZDQTMCUAUKX', 44, 3, 5, '1'),
(297, 'H4RNH9FEV9TKADM', 40, 3, NULL, '1'),
(298, 'MYLHIG500ZVJBG4', 46, 3, 6, '1'),
(299, 'SD1WPA8ITS2TWC9S', 46, 3, 6, '1'),
(300, 'VL2QCZ0HN6HSNIPI', 51, 3, 16, '1'),
(301, 'VH1REUR2T5I5SX6H', 51, 3, 17, '1'),
(302, 'P241VFNF9A1LKN6W', 51, 3, 34, '1'),
(303, '9QI5QDJSVV1YT243', 51, 3, 30, '1'),
(304, 'DMYUNV8W5ZVKXFB', 51, 3, 44, '1'),
(305, 'XMI3GHKQAE2JWI96', 51, 3, 15, '1'),
(307, 'SUF7D9KJD379YT6B', 51, 3, 22, '1'),
(308, '8QCLT4QHW85WVIX4', 51, 3, 27, '1'),
(309, 'F7CQU4TBKJ2SDQNN', 51, 3, 37, '1'),
(310, 'L8HMICB9U6LP0XI', 51, 3, 38, '1'),
(311, 'KM61S6ORSO3SXY1H', 51, 3, 39, '1'),
(312, 'PBVPAC79NHAQGB2Y', 51, 3, 32, '1'),
(313, 'YDJUFVJX20EWXQA6', 51, 3, 14, '1'),
(314, 'BJX4WJY1Y1OKGAO8', 51, 3, 42, '1'),
(315, 'U70Y67Q52T6AXXP', 51, 3, 19, '1'),
(316, '2XQOAI6V7ARNAPBN', 51, 3, 18, '1'),
(317, 'G5AYD5GDXJ200IYB', 51, 3, 45, '1'),
(318, 'QNZKMXBFJJRD2Z88', 51, 3, 25, '1'),
(319, '5PI1NR675TNDRJV', 51, 3, 23, '1'),
(320, 'Q8GX2ADF4WNZXNI', 51, 3, 28, '1'),
(321, 'YXM8TTTF2G9VFQ6R', 51, 3, 10, '1'),
(322, 'BDAVUTIE8326JO9S', 51, 3, 41, '1'),
(323, '2N9QLHRPBRVIA1N', 51, 3, 13, '1'),
(324, '2M74X0HTU2KBJ6SS', 51, 3, 11, '1'),
(325, '6F0XS9XGJ4GNDL8J', 51, 3, 26, '1'),
(326, 'YPDRX47SRMU6Z8X', 51, 3, 12, '1'),
(328, 'U4DPY40H2Z45G487', 51, 3, 21, '1'),
(329, '2GJD4UTF6B0YOBB', 51, 3, 9, '1'),
(330, 'O1MSY1DSG4AJWZ8G', 51, 3, 35, '1'),
(331, '32392L0IW5B1334', 51, 3, 20, '1'),
(332, 'Q1FO8DVNF580BZUI', 51, 3, 29, '1'),
(333, 'K3NWNCRICNO02TMN', 51, 3, 40, '1'),
(334, 'ZFY5699WQ497NB44', 51, 3, 8, '1'),
(335, 'BBMELTB5Q6KVII5P', 51, 3, 31, '1'),
(336, 'P7PBBL1KME2AJ3V', 51, 3, 33, '1'),
(337, 'R4TCT5W4XLOUWK3', 51, 3, 24, '1'),
(338, 'DJ8M7LKWC249SKT3', 51, 3, 43, '1'),
(339, 'MSB0E4AH6OA1EW', 51, 3, 36, '1'),
(342, 'NXTIUSUQRL970BD7', 54, 3, 46, '1'),
(345, '9A4C3AIS0GAYHOA', 55, 3, 46, '0');

-- --------------------------------------------------------

--
-- Table structure for table `questions`
--

CREATE TABLE IF NOT EXISTS `questions` (
  `id` int(11) NOT NULL AUTO_INCREMENT,
  `test_id` int(11) NOT NULL,
  `question_type` int(11) NOT NULL,
  `level_id` int(11) NOT NULL,
  `date_created` timestamp NOT NULL DEFAULT CURRENT_TIMESTAMP,
  `status` int(11) NOT NULL,
  `question` varchar(1500) NOT NULL,
  PRIMARY KEY (`id`),
  KEY `pk_questions_0` (`test_id`)
) ENGINE=InnoDB  DEFAULT CHARSET=latin1 AUTO_INCREMENT=813 ;

--
-- Dumping data for table `questions`
--

INSERT INTO `questions` (`id`, `test_id`, `question_type`, `level_id`, `date_created`, `status`, `question`) VALUES
(1, 13, 0, 1, '2012-11-24 17:26:59', 0, 'is_array is a function in PHP'),
(3, 14, 0, 1, '2012-11-24 17:27:41', 0, 'is_array is a function in PHP'),
(4, 14, 0, 1, '2012-11-24 17:27:41', 0, 'Template Frameworks for PHP'),
(20, 16, 0, 1, '2013-01-15 18:26:22', 0, 'MC'),
(21, 16, 1, 1, '2013-01-15 18:26:23', 0, 'MR'),
(22, 16, 2, 1, '2013-01-15 18:26:23', 0, 'TF'),
(23, 16, 4, 1, '2013-01-15 18:26:23', 0, 'Ma'),
(24, 16, 5, 1, '2013-01-15 18:26:24', 0, 'Seq'),
(50, 15, 2, 1, '2013-02-13 07:37:53', 0, 'c'),
(51, 15, 0, 1, '2013-02-13 07:37:53', 0, 'Template Frameworks for PHP'),
(52, 15, 1, 1, '2013-02-13 07:37:53', 0, 'Functions available in PHP'),
(53, 15, 4, 1, '2013-02-13 07:37:53', 0, 'Match the following'),
(54, 15, 5, 1, '2013-02-13 07:37:54', 0, 'Sequencing'),
(55, 17, 0, 1, '2013-02-21 07:19:21', 0, 'Apple spelling'),
(56, 17, 0, 1, '2013-02-21 07:19:22', 0, 'what is software testing?'),
(57, 17, 0, 1, '2013-02-21 07:19:23', 0, 'What is Bug life cycle'),
(58, 17, 2, 1, '2013-02-21 07:19:23', 0, 'Smoke testing is nothing but, testing the primary functionality of the application'),
(59, 18, 0, 1, '2013-02-21 07:26:39', 0, 'Who will test the application?'),
(60, 18, 2, 1, '2013-02-21 07:26:39', 0, 'Developer will not test the application'),
(61, 18, 0, 1, '2013-02-21 07:26:39', 0, 'who is tester'),
(62, 18, 2, 1, '2013-02-21 07:26:39', 0, 'developer will test the application'),
(63, 19, 0, 1, '2013-02-21 07:46:20', 0, 'Who is good tester'),
(64, 19, 2, 1, '2013-02-21 07:46:20', 0, 'tester will test application only, he will not involve into coading'),
(65, 19, 2, 1, '2013-02-21 07:46:20', 0, 'Testing means finding bugs'),
(66, 19, 1, 1, '2013-02-21 07:46:20', 0, 'SDLC Phases'),
(67, 20, 0, 1, '2013-02-21 10:58:43', 0, 'Testing is what?'),
(68, 20, 0, 1, '2013-02-21 10:58:43', 0, 'Bug life cycle'),
(69, 20, 0, 1, '2013-02-21 10:58:43', 0, 'what tester will do?'),
(70, 21, 0, 1, '2013-03-22 13:59:08', 0, 'Welcome'),
(81, 24, 1, 1, '2013-04-04 13:22:14', 0, 'Welcome'),
(82, 24, 0, 1, '2013-04-04 13:22:14', 0, 'MC'),
(83, 24, 1, 1, '2013-04-04 13:22:14', 0, 'MR'),
(84, 24, 4, 1, '2013-04-04 13:22:15', 0, 'match'),
(85, 24, 5, 1, '2013-04-04 13:22:15', 0, 'S'),
(91, 25, 0, 1, '2013-04-05 07:46:23', 0, 'One'),
(92, 25, 0, 1, '2013-04-05 07:46:23', 0, 'Two'),
(93, 25, 4, 1, '2013-04-05 07:46:24', 0, 'Three'),
(94, 25, 5, 1, '2013-04-05 07:46:24', 0, 'four'),
(95, 25, 0, 1, '2013-04-05 07:46:24', 0, 'Five'),
(96, 26, 0, 1, '2013-04-05 11:22:22', 0, 'one'),
(97, 26, 1, 1, '2013-04-05 11:22:23', 0, 'two'),
(98, 26, 4, 1, '2013-04-05 11:22:23', 0, 'three'),
(99, 26, 5, 1, '2013-04-05 11:22:23', 0, 'four'),
(110, 29, 0, 1, '2013-04-08 09:08:37', 0, '1'),
(111, 29, 1, 1, '2013-04-08 09:08:37', 0, '2'),
(112, 29, 4, 1, '2013-04-08 09:08:38', 0, '3'),
(113, 29, 5, 1, '2013-04-08 09:08:38', 0, '4'),
(114, 29, 4, 1, '2013-04-08 09:08:38', 0, '5'),
(115, 28, 0, 1, '2013-04-08 09:10:30', 0, '1'),
(116, 28, 1, 1, '2013-04-08 09:10:30', 0, '2'),
(117, 28, 4, 1, '2013-04-08 09:10:31', 0, '3'),
(118, 28, 5, 1, '2013-04-08 09:10:31', 0, '4'),
(119, 28, 4, 1, '2013-04-08 09:10:31', 0, '5'),
(121, 31, 0, 1, '2013-04-09 06:38:02', 0, 'One'),
(122, 31, 1, 1, '2013-04-09 06:38:02', 0, 'Two'),
(123, 31, 4, 1, '2013-04-09 06:38:03', 0, 'Three'),
(124, 31, 5, 1, '2013-04-09 06:38:03', 0, 'four'),
(125, 31, 5, 1, '2013-04-09 06:38:03', 0, 'Five'),
(127, 32, 1, 1, '2013-04-10 09:10:57', 0, 'two'),
(128, 32, 0, 1, '2013-04-10 09:10:57', 0, 'one'),
(129, 32, 4, 1, '2013-04-10 09:10:58', 0, 'three'),
(130, 32, 5, 1, '2013-04-10 09:10:58', 0, 'four'),
(131, 32, 5, 1, '2013-04-10 09:10:58', 0, 'satya'),
(217, 27, 0, 1, '2013-04-11 10:57:26', 0, 'MC'),
(218, 27, 1, 1, '2013-04-11 10:57:26', 0, 'MR'),
(219, 27, 2, 1, '2013-04-11 10:57:27', 0, 'TF'),
(220, 27, 4, 1, '2013-04-11 10:57:27', 0, 'Match'),
(221, 27, 5, 1, '2013-04-11 10:57:27', 0, 'Seq'),
(222, 27, 3, 1, '2013-04-11 10:57:27', 0, 'Test'),
(223, 33, 0, 1, '2013-04-15 01:28:20', 0, 'MC'),
(224, 33, 1, 1, '2013-04-15 01:28:20', 0, 'MR'),
(225, 33, 2, 1, '2013-04-15 01:28:21', 0, 'TF'),
(226, 33, 3, 1, '2013-04-15 01:28:21', 0, 'FILL answer'),
(227, 33, 4, 1, '2013-04-15 01:28:21', 0, 'Matching'),
(228, 33, 5, 1, '2013-04-15 01:28:22', 0, 'Seq'),
(229, 34, 0, 1, '2013-04-16 13:23:50', 0, 'MC'),
(230, 34, 1, 1, '2013-04-16 13:23:50', 0, 'MR'),
(231, 34, 2, 1, '2013-04-16 13:23:51', 0, 'TF'),
(232, 34, 4, 1, '2013-04-16 13:23:51', 0, 'Match'),
(233, 34, 5, 1, '2013-04-16 13:23:51', 0, 'Seq'),
(234, 34, 3, 1, '2013-04-16 13:23:51', 0, 'Test'),
(235, 33, 0, 1, '2013-04-16 13:33:13', 0, 'MC'),
(236, 33, 1, 1, '2013-04-16 13:33:13', 0, 'MR'),
(237, 33, 2, 1, '2013-04-16 13:33:13', 0, 'TF'),
(238, 33, 4, 1, '2013-04-16 13:33:13', 0, 'Match'),
(239, 33, 5, 1, '2013-04-16 13:33:13', 0, 'Seq'),
(240, 33, 3, 1, '2013-04-16 13:33:14', 0, 'Test'),
(241, 36, 0, 1, '2013-04-15 23:35:44', 0, 'One'),
(242, 36, 1, 1, '2013-04-15 23:35:44', 0, 'Two'),
(243, 36, 2, 1, '2013-04-15 23:35:45', 0, 'True Yes'),
(244, 36, 3, 1, '2013-04-15 23:35:45', 0, 'Four'),
(245, 36, 4, 1, '2013-04-15 23:35:45', 0, 'five'),
(246, 36, 5, 1, '2013-04-15 23:35:46', 0, 'Six'),
(247, 35, 0, 1, '2013-04-19 06:35:11', 0, 'One'),
(248, 35, 1, 1, '2013-04-19 06:35:11', 0, 'Two'),
(249, 35, 2, 1, '2013-04-19 06:35:11', 0, 'Three'),
(250, 35, 3, 1, '2013-04-19 06:35:11', 0, 'Type Four'),
(251, 35, 4, 1, '2013-04-19 06:35:11', 0, '1a, 2b, 3c, 4d'),
(252, 35, 5, 1, '2013-04-19 06:35:12', 0, 'a b c d'),
(253, 38, 0, 1, '2013-04-15 23:38:48', 0, 'One'),
(254, 38, 1, 1, '2013-04-15 23:38:49', 0, 'Two'),
(255, 38, 2, 1, '2013-04-15 23:38:49', 0, 'True Yes'),
(256, 38, 3, 1, '2013-04-15 23:38:50', 0, 'Four'),
(257, 38, 4, 1, '2013-04-15 23:38:50', 0, 'five'),
(258, 38, 5, 1, '2013-04-15 23:38:51', 0, 'Six'),
(259, 36, 0, 1, '2013-04-19 07:37:08', 0, 'MC'),
(260, 36, 1, 1, '2013-04-19 07:37:08', 0, 'MR'),
(261, 36, 2, 1, '2013-04-19 07:37:08', 0, 'TF'),
(262, 36, 4, 1, '2013-04-19 07:37:08', 0, 'Match'),
(263, 36, 5, 1, '2013-04-19 07:37:09', 0, 'Seq'),
(264, 36, 3, 1, '2013-04-19 07:37:09', 0, 'Test'),
(265, 40, 0, 1, '2013-04-15 23:44:45', 0, 'One'),
(266, 40, 1, 1, '2013-04-15 23:44:45', 0, 'Two'),
(267, 40, 2, 1, '2013-04-15 23:44:46', 0, 'True Yes'),
(268, 40, 3, 1, '2013-04-15 23:44:46', 0, 'Type Four'),
(269, 40, 4, 1, '2013-04-15 23:44:46', 0, 'five'),
(270, 40, 5, 1, '2013-04-15 23:44:47', 0, 'Six'),
(271, 37, 0, 1, '2013-04-19 09:57:43', 0, 'One'),
(272, 37, 1, 1, '2013-04-19 09:57:44', 0, 'Two'),
(273, 37, 2, 1, '2013-04-19 09:57:44', 0, 'Three'),
(274, 37, 3, 1, '2013-04-19 09:57:44', 0, 'Type four'),
(275, 37, 4, 1, '2013-04-19 09:57:44', 0, '1a, 2b, 3c, 4d'),
(276, 37, 5, 1, '2013-04-19 09:57:44', 0, 'a b c d'),
(277, 38, 1, 1, '2013-04-19 10:40:12', 0, 'four'),
(278, 39, 0, 1, '2013-04-22 07:03:47', 0, 'One'),
(279, 39, 1, 1, '2013-04-22 07:03:48', 0, 'Two'),
(280, 39, 2, 1, '2013-04-22 07:03:48', 0, 'Three'),
(281, 39, 3, 1, '2013-04-22 07:03:48', 0, 'Type four'),
(282, 39, 4, 1, '2013-04-22 07:03:48', 0, '1a, 2b, 3c, 4d'),
(283, 39, 5, 1, '2013-04-22 07:03:48', 0, '1 2 3 4 '),
(284, 40, 0, 1, '2013-04-23 06:32:40', 0, 'one'),
(285, 40, 0, 1, '2013-04-23 06:32:42', 0, 'two'),
(286, 40, 0, 1, '2013-04-23 06:32:43', 0, 'three'),
(287, 40, 0, 1, '2013-04-23 06:32:43', 0, 'four'),
(288, 45, 4, 1, '2013-04-16 18:39:15', 0, 'For this question answers are 1a, 2b, 3c, 4d'),
(289, 45, 5, 1, '2013-04-16 18:39:15', 0, 'For this question answers are geotekh'),
(290, 46, 0, 1, '2013-04-16 21:15:57', 0, 'What is the first alphabet?'),
(291, 46, 1, 1, '2013-04-16 21:15:58', 0, 'Any tow alphabets'),
(292, 41, 2, 1, '2013-04-23 12:13:21', 0, 'apple is it corect'),
(293, 41, 2, 1, '2013-04-23 12:13:21', 0, 'orrange is it correct?'),
(294, 41, 2, 1, '2013-04-23 12:13:21', 0, 'gold is it correct?'),
(295, 41, 2, 1, '2013-04-23 12:13:22', 0, 'rama killed by ravana is it correct'),
(296, 47, 4, 1, '2013-04-18 18:22:38', 0, 'Match the Following'),
(297, 48, 5, 1, '2013-04-18 18:24:18', 0, 'Sequence'),
(298, 49, 3, 1, '2013-04-18 18:25:26', 0, 'Fill in the bllanks'),
(299, 50, 2, 1, '2013-04-18 18:30:28', 0, 'true false'),
(300, 42, 2, 1, '2013-04-23 12:22:18', 0, 'apple is correct?'),
(301, 42, 2, 1, '2013-04-23 12:22:18', 0, 'Goold is correct?'),
(302, 42, 2, 1, '2013-04-23 12:22:18', 0, 'food is correct'),
(303, 42, 2, 1, '2013-04-23 12:22:19', 0, 'orrange is correct'),
(304, 43, 2, 1, '2013-04-23 13:01:58', 0, 'sound is it correct?'),
(305, 43, 2, 1, '2013-04-23 13:01:58', 0, 'Tabble is it correct?'),
(306, 43, 2, 1, '2013-04-23 13:01:58', 0, 'Silver is it correct?'),
(315, 44, 2, 1, '2013-04-23 13:46:37', 0, 'Gold'),
(316, 44, 2, 1, '2013-04-23 13:46:37', 0, 'Hapuy'),
(317, 44, 2, 1, '2013-04-23 13:46:37', 0, 'Thanks'),
(318, 44, 2, 1, '2013-04-23 13:46:38', 0, 'Kaphy'),
(319, 45, 1, 1, '2013-04-23 14:05:19', 0, 'one'),
(320, 45, 1, 1, '2013-04-23 14:05:19', 0, 'Two'),
(321, 45, 1, 1, '2013-04-23 14:05:19', 0, 'Three'),
(322, 45, 1, 1, '2013-04-23 14:05:19', 0, 'four'),
(323, 46, 1, 1, '2013-04-26 12:27:20', 0, 'one'),
(324, 47, 5, 1, '2013-05-02 06:33:32', 0, 'One'),
(325, 47, 5, 1, '2013-05-02 06:33:35', 0, 'ABCD'),
(326, 47, 5, 1, '2013-05-02 06:33:37', 0, '1 2 3 4'),
(327, 47, 5, 1, '2013-05-02 06:33:40', 0, 'ASC'),
(328, 47, 5, 1, '2013-05-02 06:33:42', 0, 'Desc'),
(329, 48, 5, 1, '2013-05-02 13:27:27', 0, 'One'),
(330, 48, 5, 1, '2013-05-02 13:27:27', 0, 'a b c d'),
(331, 49, 5, 1, '2013-05-03 06:59:32', 0, '1 2 3 4 5'),
(332, 49, 5, 1, '2013-05-03 06:59:32', 0, 'A B C D E'),
(333, 50, 5, 1, '2013-05-07 06:52:35', 0, '1 2 3'),
(334, 50, 5, 1, '2013-05-07 06:52:36', 0, 'One Two Three Four'),
(335, 50, 5, 1, '2013-05-07 06:52:37', 0, 'A B C D E'),
(336, 51, 0, 1, '2013-06-03 07:28:42', 0, 'One'),
(337, 51, 1, 1, '2013-06-03 07:28:43', 0, 'Two'),
(338, 51, 2, 1, '2013-06-03 07:28:43', 0, 'Three'),
(339, 51, 3, 1, '2013-06-03 07:28:44', 0, 'Type Four'),
(340, 51, 4, 1, '2013-06-03 07:28:44', 0, 'Five'),
(341, 51, 5, 1, '2013-06-03 07:28:44', 0, 'Six'),
(357, 52, 5, 1, '2013-05-13 20:12:25', 0, 'Steps to copy the formulas in multiple range'),
(378, 53, 0, 1, '2013-05-23 20:28:13', 0, 'One'),
(379, 53, 1, 1, '2013-05-23 20:28:14', 0, 'Two'),
(380, 53, 2, 1, '2013-05-23 20:28:14', 0, 'India'),
(381, 53, 3, 1, '2013-05-23 20:28:14', 0, '4'),
(382, 53, 4, 1, '2013-05-23 20:28:14', 0, '1 2 3 4'),
(383, 53, 5, 1, '2013-05-23 20:28:15', 0, 'A B C D'),
(384, 54, 0, 1, '2013-05-23 20:36:49', 0, 'One'),
(385, 54, 4, 1, '2013-05-23 20:36:49', 0, '1 2 3 4'),
(386, 55, 0, 1, '2013-05-23 21:10:04', 0, 'One'),
(387, 55, 1, 1, '2013-05-23 21:10:05', 0, 'Two'),
(388, 55, 2, 1, '2013-05-23 21:10:05', 0, 'Three'),
(389, 55, 3, 1, '2013-05-23 21:10:05', 0, 'Four'),
(390, 55, 4, 1, '2013-05-23 21:10:06', 0, 'Five'),
(391, 55, 5, 1, '2013-05-23 21:10:06', 0, 'Six'),
(760, 56, 2, 1, '2013-06-09 20:14:44', 0, 'Smart tag appears only when we copy and paste data in excel'),
(761, 56, 0, 1, '2013-06-09 20:14:44', 0, 'Sheet tab in excel is used for '),
(762, 56, 2, 1, '2013-06-09 20:14:45', 0, 'Data collected in clipboard can be pasted any no. of times'),
(763, 56, 4, 1, '2013-06-09 20:14:45', 0, 'Match the short cut keys in excel for navigating'),
(764, 56, 4, 1, '2013-06-09 20:14:46', 0, 'Match the shortcut keys'),
(765, 56, 0, 1, '2013-06-09 20:14:46', 0, 'Which of the following view can be used for inserting Header & Footer?'),
(766, 56, 0, 1, '2013-06-09 20:14:47', 0, 'If we open multiple file in excel, by default it was arranged as'),
(767, 56, 0, 1, '2013-06-09 20:14:47', 0, 'Changing row into column or column into row, we can use'),
(768, 56, 5, 1, '2013-06-09 20:14:48', 0, 'Order the steps for selecting the blanks cells in a column'),
(769, 56, 5, 1, '2013-06-09 20:14:49', 0, 'Steps for copying the formulas in multiple range'),
(770, 56, 0, 1, '2013-06-09 20:14:49', 0, 'To get the current date with time which will automatically change everyday, we can use'),
(771, 56, 0, 1, '2013-06-09 20:14:50', 0, 'To Sort a table, there should not be any'),
(772, 56, 0, 1, '2013-06-09 20:14:51', 0, 'To get the sum of a field, we have to drag the filed to ____________'),
(773, 56, 0, 1, '2013-06-09 20:14:51', 0, 'How many level of conditional formatting is possible'),
(774, 56, 2, 1, '2013-06-09 20:14:52', 0, 'Conditional formatting once made cannot be edited'),
(775, 56, 0, 1, '2013-06-09 20:14:52', 0, 'Before Applying Multiple Subtotal, we have to'),
(776, 56, 1, 1, '2013-06-09 20:14:52', 0, '______ Should be given while finding exact value in Lookup'),
(777, 56, 3, 1, '2013-06-09 20:14:53', 0, 'Whenever we modify a record in source table, we have to _________ our pivot table'),
(778, 56, 3, 1, '2013-06-09 20:14:53', 0, 'Whenever we use arithmetic and mathematical calculation with multiple operators like (+,-,/,*,^) we have to verify for'),
(779, 56, 1, 1, '2013-06-09 20:14:53', 0, 'The Advantage of using dynamic table is '),
(780, 56, 2, 1, '2013-06-09 20:14:54', 0, 'Grouping can be done for Date, Text and Numbers in Pivot Table'),
(781, 56, 0, 1, '2013-06-09 20:14:55', 0, 'What is the key used for navigating or moving between the tabs in ribbon (for e.g: Home,Insert Page Layout ...)'),
(782, 56, 2, 1, '2013-06-09 20:14:55', 0, 'Only one condition can be given in IF() Function'),
(783, 56, 0, 1, '2013-06-09 20:14:56', 0, 'Using IF(), AND() together is called as '),
(784, 56, 5, 1, '2013-06-09 20:14:56', 0, 'What is the steps for printing a chart in Black and White'),
(785, 56, 2, 1, '2013-06-09 20:14:57', 0, 'Animation and Transition can be used for animating only the slides'),
(786, 56, 0, 1, '2013-06-09 20:14:57', 0, 'If you want make some things to be done globally to all the slides in power point, we have to use'),
(787, 56, 0, 1, '2013-06-09 20:14:58', 0, 'If you know the slide number how can we move to that slide during the slide show in Power Point'),
(788, 56, 0, 1, '2013-06-09 20:14:58', 0, 'Shift + F5 in power point can be used for '),
(789, 51, 0, 1, '2013-06-09 20:21:59', 0, 'When you copy multiple data in clipboard, only last copied data can be pasted?'),
(790, 51, 0, 1, '2013-06-09 20:22:00', 0, 'Ctrl + Enter can be used for ________________ '),
(791, 51, 0, 1, '2013-06-09 20:22:01', 0, 'Which of the option can be used to change rows into columns or columns into rows in Paste Special?'),
(792, 51, 0, 1, '2013-06-09 20:22:01', 0, '$ (Dollar) can be used for fixing_______________ as constant'),
(793, 51, 0, 1, '2013-06-09 20:22:02', 0, 'In the cell C2, the formula is  = A2+ B2, put the $ (Dollar) before A and copy it to D2. What happens to the formula'),
(794, 51, 0, 1, '2013-06-09 20:22:03', 0, 'Which of the following view can be used for inserting Header & Footer?'),
(795, 51, 0, 1, '2013-06-09 20:22:03', 0, 'To sort or filter a table, there should not be any'),
(796, 51, 0, 1, '2013-06-09 20:22:04', 0, 'Short cut key for navigating between one file to another'),
(797, 51, 0, 1, '2013-06-09 20:22:05', 0, 'To avoid the data entry errors ______________ can be used'),
(798, 51, 0, 1, '2013-06-09 20:22:05', 0, 'Conditional Formatting can be done only within the sheet'),
(799, 51, 0, 1, '2013-06-09 20:22:06', 0, 'In the function =subtotal(9,C1:C10), 9 refers to'),
(800, 51, 0, 1, '2013-06-09 20:22:06', 0, 'Before Applying Multiple Subtotal, we have to'),
(801, 51, 0, 1, '2013-06-09 20:22:07', 0, 'In Pivot table to get the sum of a field, we have to drag and drop the field to '),
(802, 51, 0, 1, '2013-06-09 20:22:07', 0, '______ Should be given while finding exact value in Lookup'),
(803, 51, 0, 1, '2013-06-09 20:22:08', 0, 'When data in source is changed, then pivot has to be _______________'),
(804, 51, 0, 1, '2013-06-09 20:22:09', 0, 'To find one out of many (Highest Sales or Highest Rejection) which is the best chart to be  used?'),
(805, 51, 0, 1, '2013-06-09 20:22:09', 0, 'What is the shortcut key for Closing a File'),
(806, 51, 0, 1, '2013-06-09 20:22:10', 0, 'Short cut key for Inserting a sheet'),
(807, 51, 0, 1, '2013-06-09 20:22:11', 0, 'What key used for navigating between tabs in ribbon'),
(808, 51, 0, 1, '2013-06-09 20:22:11', 0, 'Only one condition can be checked in IF() function'),
(812, 30, 0, 1, '2013-06-10 14:04:06', 0, 'MC123');

-- --------------------------------------------------------

--
-- Table structure for table `responses`
--

CREATE TABLE IF NOT EXISTS `responses` (
  `id` int(11) NOT NULL AUTO_INCREMENT,
  `user_id` int(11) NOT NULL,
  `question_id` int(11) NOT NULL,
  `answer` varchar(15000) NOT NULL,
  `add_date` timestamp NOT NULL DEFAULT CURRENT_TIMESTAMP,
  PRIMARY KEY (`id`),
  KEY `user_id` (`user_id`),
  KEY `question_id` (`question_id`)
) ENGINE=InnoDB  DEFAULT CHARSET=latin1 AUTO_INCREMENT=50 ;

--
-- Dumping data for table `responses`
--

INSERT INTO `responses` (`id`, `user_id`, `question_id`, `answer`, `add_date`) VALUES
(1, 1, 333, 'Array', '2013-05-24 07:45:49'),
(2, 1, 333, 'Array', '2013-05-24 07:47:09'),
(3, 1, 333, 'Array', '2013-05-24 07:49:02'),
(4, 1, 334, 'Array', '2013-05-24 07:49:02'),
(5, 1, 335, 'Array', '2013-05-24 07:49:02'),
(6, 1, 333, 'Array', '2013-05-24 07:50:00'),
(7, 1, 334, 'Array', '2013-05-24 07:50:00'),
(8, 1, 335, 'Array', '2013-05-24 07:50:00'),
(9, 1, 333, '["979","980","981"]', '2013-05-24 07:51:35'),
(10, 1, 334, '["982","983","984","985"]', '2013-05-24 07:51:35'),
(11, 1, 335, '["986","987","988","989","990"]', '2013-05-24 07:51:35'),
(12, 1, 70, '"171"', '2013-05-24 07:54:26'),
(13, 1, 70, '171', '2013-05-24 07:56:05'),
(14, 1, 217, '677', '2013-05-24 07:58:39'),
(15, 1, 218, '"[683,681]"', '2013-05-24 07:58:39'),
(16, 1, 219, '1', '2013-05-24 07:58:39'),
(17, 1, 220, '["686","687","688","689"]', '2013-05-24 07:58:39'),
(18, 1, 221, '["690","691","692"]', '2013-05-24 07:58:40'),
(19, 1, 222, 'test', '2013-05-24 07:58:40'),
(20, 1, 217, '677', '2013-05-24 07:59:26'),
(21, 1, 218, '"[683,681]"', '2013-05-24 07:59:26'),
(22, 1, 219, '1', '2013-05-24 07:59:26'),
(23, 1, 220, '["686","687","688","689"]', '2013-05-24 07:59:26'),
(24, 1, 221, '["690","691","692"]', '2013-05-24 07:59:26'),
(25, 1, 222, 'test', '2013-05-24 07:59:26'),
(26, 1, 217, '677', '2013-05-24 08:31:54'),
(27, 1, 218, '"[681,683]"', '2013-05-24 08:31:54'),
(28, 1, 219, '1', '2013-05-24 08:31:54'),
(29, 1, 220, '["686","687","688","689"]', '2013-05-24 08:31:54'),
(30, 1, 221, '["690","691","692"]', '2013-05-24 08:31:54'),
(31, 1, 222, 'Answer', '2013-05-24 08:31:54'),
(32, 1, 217, '677', '2013-05-24 08:33:17'),
(33, 1, 218, '"[681,683]"', '2013-05-24 08:33:17'),
(34, 1, 219, '1', '2013-05-24 08:33:17'),
(35, 1, 220, '["686","687","688","689"]', '2013-05-24 08:33:17'),
(36, 1, 221, '["690","691","692"]', '2013-05-24 08:33:17'),
(37, 1, 222, 'Answer', '2013-05-24 08:33:17'),
(38, 1, 229, '711', '2013-05-24 08:34:26'),
(39, 1, 230, '"[715,717]"', '2013-05-24 08:34:26'),
(40, 1, 231, '1', '2013-05-24 08:34:26'),
(41, 1, 232, '["720","721","722","723"]', '2013-05-24 08:34:26'),
(42, 1, 233, '["724","725","726"]', '2013-05-24 08:34:26'),
(43, 1, 234, 'answer', '2013-05-24 08:34:26'),
(44, 1, 229, '711', '2013-05-24 11:52:17'),
(45, 1, 230, '"[715,717]"', '2013-05-24 11:52:17'),
(46, 1, 231, '1', '2013-05-24 11:52:17'),
(47, 1, 232, '["720","721","722","723"]', '2013-05-24 11:52:17'),
(48, 1, 233, '["724","725","726"]', '2013-05-24 11:52:17'),
(49, 1, 234, 'answer', '2013-05-24 11:52:17');

-- --------------------------------------------------------

--
-- Table structure for table `scores`
--

CREATE TABLE IF NOT EXISTS `scores` (
  `id` int(11) NOT NULL AUTO_INCREMENT,
  `score` decimal(10,0) NOT NULL,
  `test_id` int(11) NOT NULL,
  `user_id` int(11) NOT NULL,
  `test_time` int(11) NOT NULL DEFAULT '0',
  `total_questions` int(11) NOT NULL DEFAULT '0',
  `correct_answers` int(11) NOT NULL DEFAULT '0',
  `answers` text NOT NULL,
  `status` char(1) DEFAULT '1',
  `add_date` timestamp NOT NULL DEFAULT CURRENT_TIMESTAMP,
  PRIMARY KEY (`id`),
  KEY `idx_scores` (`test_id`),
  KEY `idx_scores_0` (`user_id`)
) ENGINE=InnoDB  DEFAULT CHARSET=latin1 AUTO_INCREMENT=75 ;

--
-- Dumping data for table `scores`
--

INSERT INTO `scores` (`id`, `score`, `test_id`, `user_id`, `test_time`, `total_questions`, `correct_answers`, `answers`, `status`, `add_date`) VALUES
(2, 9, 15, 1, 0, 5, 4, '', '1', '2013-01-14 18:27:49'),
(3, 0, 17, 1, 0, 4, 0, '', '1', '2013-02-20 19:17:48'),
(4, 0, 18, 1, 0, 4, 0, '', '1', '2013-02-20 19:18:49'),
(5, 1, 19, 1, 0, 4, 1, '', '1', '2013-02-20 19:20:16'),
(6, 2, 20, 1, 0, 3, 2, '', '1', '2013-02-20 22:29:36'),
(7, 7, 24, 1, 44, 5, 5, '', '1', '2013-04-04 00:32:31'),
(8, 5, 25, 1, 137, 5, 3, '', '1', '2013-04-04 19:13:29'),
(9, 1, 13, 2, 4, 1, 1, '', '1', '2013-04-04 22:21:55'),
(10, 5, 26, 1, 38, 4, 2, '', '1', '2013-04-04 22:55:23'),
(11, 4, 27, 1, 44, 6, 4, '', '1', '2013-04-07 20:32:53'),
(12, 7, 28, 1, 49, 5, 3, '', '1', '2013-04-07 20:41:45'),
(13, 1, 30, 1, 3, 1, 1, '', '1', '2013-04-07 23:47:02'),
(14, 10, 31, 1, 56, 5, 3, '', '1', '2013-04-08 18:08:58'),
(15, 10, 32, 1, 50, 5, 4, '', '1', '2013-04-08 18:36:52'),
(16, 1, 21, 1, 0, 1, 1, '', '1', '2013-04-15 01:09:10'),
(17, 3, 33, 1, 23, 6, 2, '', '1', '2013-04-15 01:29:11'),
(18, 8, 33, 2, 187, 6, 6, '', '1', '2013-04-15 02:26:33'),
(19, 9, 34, 1, 32, 6, 6, '', '1', '2013-04-15 19:08:53'),
(20, 10, 35, 1, 60, 6, 5, '', '1', '2013-04-15 23:40:20'),
(21, 9, 40, 1, 50, 6, 5, '', '1', '2013-04-15 23:48:39'),
(22, 12, 40, 4, 50, 6, 6, '', '1', '2013-04-16 00:04:30'),
(23, 1, 44, 5, 5, 1, 1, '', '1', '2013-04-16 00:44:14'),
(24, 8, 43, 1, 61, 6, 5, '', '1', '2013-04-16 01:02:56'),
(25, 1, 13, 1, 7, 1, 1, '', '1', '2013-04-22 12:29:48'),
(26, 7, 39, 1, 70, 6, 4, '', '1', '2013-04-16 01:45:11'),
(27, 10, 45, 1, 82, 6, 4, '', '1', '2013-04-16 18:40:58'),
(28, 9, 46, 6, 61, 6, 6, '', '1', '2013-04-16 21:21:31'),
(29, 2, 47, 1, 44, 1, 1, '', '1', '2013-04-18 18:24:06'),
(30, 4, 42, 1, 109, 4, 4, '', '1', '2013-04-23 12:18:59'),
(31, 4, 48, 1, 18, 1, 1, '', '1', '2013-04-18 18:39:02'),
(32, 11, 46, 1, 57, 6, 5, '', '1', '2013-04-21 16:53:16'),
(33, 1, 50, 1, 17, 1, 1, '', '1', '2013-04-21 16:54:06'),
(34, 18, 51, 1, 236, 20, 18, '', '1', '2013-05-08 03:11:43'),
(35, 3, 48, 1, 18, 2, 2, '', '1', '2013-05-02 13:28:19'),
(36, 10, 49, 1, 24, 2, 2, '', '1', '2013-05-03 07:00:05'),
(37, 12, 50, 1, 21, 3, 3, '', '1', '2013-05-07 06:53:12'),
(38, 12, 50, 6, 23, 3, 3, '', '1', '2013-05-07 07:39:14'),
(39, 15, 51, 1, 87, 6, 6, '', '1', '2013-06-03 07:30:32'),
(40, 3, 51, 15, 400, 20, 3, '', '1', '2013-05-09 17:08:15'),
(41, 10, 51, 14, 540, 20, 10, '', '1', '2013-05-09 17:10:38'),
(42, 3, 51, 17, 516, 20, 3, '', '1', '2013-05-09 17:38:57'),
(43, 7, 51, 19, 552, 20, 7, '', '1', '2013-05-09 17:43:43'),
(44, 7, 51, 20, 714, 20, 7, '', '1', '2013-05-09 17:53:58'),
(45, 10, 51, 22, 778, 20, 10, '', '1', '2013-05-09 18:01:20'),
(46, 5, 51, 21, 659, 20, 5, '', '1', '2013-05-09 18:05:08'),
(47, 2, 51, 23, 509, 20, 2, '', '1', '2013-05-09 18:10:10'),
(48, 1, 51, 26, 310, 20, 1, '', '1', '2013-05-09 18:25:17'),
(49, 10, 51, 25, 774, 20, 10, '', '1', '2013-05-09 18:25:41'),
(50, 1, 51, 24, 826, 20, 1, '', '1', '2013-05-09 18:26:46'),
(51, 11, 51, 27, 787, 20, 11, '', '1', '2013-05-09 18:47:37'),
(52, 6, 51, 29, 579, 20, 6, '', '1', '2013-05-09 18:49:59'),
(53, 4, 51, 28, 759, 20, 4, '', '1', '2013-05-09 18:50:14'),
(54, 4, 51, 30, 796, 20, 4, '', '1', '2013-05-09 19:09:44'),
(55, 7, 51, 31, 715, 20, 7, '', '1', '2013-05-09 19:19:48'),
(56, 9, 51, 32, 651, 20, 9, '', '1', '2013-05-09 20:16:38'),
(57, 8, 51, 33, 661, 20, 8, '', '1', '2013-05-09 20:23:46'),
(58, 11, 51, 35, 560, 20, 11, '', '1', '2013-05-09 20:41:45'),
(59, 3, 51, 34, 790, 20, 3, '', '1', '2013-05-09 20:42:42'),
(60, 6, 51, 36, 649, 20, 6, '', '1', '2013-05-09 21:02:43'),
(61, 8, 51, 37, 731, 20, 8, '', '1', '2013-05-09 21:04:51'),
(62, 11, 51, 38, 710, 20, 11, '', '1', '2013-05-09 21:06:11'),
(63, 3, 51, 39, 882, 20, 3, '', '1', '2013-05-09 21:42:30'),
(64, 8, 51, 40, 633, 20, 8, '', '1', '2013-05-09 21:48:01'),
(65, 3, 52, 1, 9, 1, 1, '', '1', '2013-05-13 20:12:40'),
(66, 7, 51, 41, 703, 20, 7, '', '1', '2013-05-16 18:10:10'),
(67, 9, 51, 42, 738, 20, 9, '', '1', '2013-05-16 18:38:39'),
(68, 3, 51, 43, 288, 20, 3, '', '1', '2013-05-16 18:49:01'),
(69, 9, 51, 44, 498, 20, 9, '', '1', '2013-05-16 22:56:05'),
(70, 12, 53, 1, 48, 6, 6, '', '1', '2013-05-23 20:30:29'),
(71, 4, 54, 46, 17, 2, 1, '', '1', '2013-05-23 20:43:38'),
(72, 14, 55, 1, 55, 6, 5, '', '1', '2013-05-23 21:18:04'),
(73, 14, 55, 46, 50, 6, 5, '', '1', '2013-05-23 21:21:12'),
(74, 48, 56, 1, 287, 33, 31, '', '1', '2013-06-09 15:46:07');

-- --------------------------------------------------------

--
-- Table structure for table `test_details`
--

CREATE TABLE IF NOT EXISTS `test_details` (
  `id` int(11) NOT NULL AUTO_INCREMENT,
  `category` int(11) NOT NULL,
  `name` varchar(500) NOT NULL,
  `description` varchar(10000) NOT NULL,
  `instruction` varchar(5000) DEFAULT NULL,
  `logo` varchar(500) NOT NULL,
  `time_taken` int(10) unsigned NOT NULL,
  `date_created` timestamp NOT NULL DEFAULT CURRENT_TIMESTAMP,
  `created_by` int(11) NOT NULL,
  `last_modified` timestamp NOT NULL DEFAULT '0000-00-00 00:00:00',
  `valid_from` date NOT NULL,
  `valid_to` date NOT NULL,
  `allow_correction` tinyint(1) NOT NULL,
  `sharing` int(11) NOT NULL,
  `total_marks` int(11) NOT NULL DEFAULT '0',
  `status` int(11) NOT NULL,
  PRIMARY KEY (`id`),
  KEY `created_by` (`created_by`),
  KEY `category` (`category`)
) ENGINE=InnoDB  DEFAULT CHARSET=latin1 AUTO_INCREMENT=57 ;

--
-- Dumping data for table `test_details`
--

INSERT INTO `test_details` (`id`, `category`, `name`, `description`, `instruction`, `logo`, `time_taken`, `date_created`, `created_by`, `last_modified`, `valid_from`, `valid_to`, `allow_correction`, `sharing`, `total_marks`, `status`) VALUES
(3, 11, 'Sample test', 'Description for test', NULL, '', 15, '2012-11-22 16:59:26', 1, '2013-04-04 18:30:00', '0000-00-00', '0000-00-00', 0, 0, 0, 0),
(13, 2, 'Basic', 'Basic test', NULL, '', 30, '2012-11-24 17:26:59', 1, '2013-04-04 18:30:00', '0000-00-00', '0000-00-00', 0, 0, 0, 1),
(14, 2, 'Basic', 'Basic test', NULL, '', 30, '2012-11-24 17:27:41', 1, '2013-04-04 18:30:00', '0000-00-00', '0000-00-00', 0, 0, 0, 0),
(15, 2, 'Basic', 'Basic test', NULL, '', 30, '2012-11-24 17:28:23', 1, '2013-04-04 18:30:00', '2013-11-30', '2013-01-10', 0, 0, 0, 0),
(16, 2, 'Basic clone', '<br>asd<br>asd<br>asd<br>asd<br>asd<br>asd<br>sd', NULL, '', 10, '2013-01-14 18:30:00', 1, '2013-04-04 18:30:00', '2013-01-15', '2013-01-15', 0, 0, 0, 0),
(17, 2, 'Test One', 'It is a good test', NULL, '', 10, '2013-02-20 18:30:00', 1, '2013-04-04 18:30:00', '2013-02-21', '2013-02-21', 0, 0, 0, 0),
(18, 2, 'Test Two', 'Ok', NULL, '', 10, '2013-02-20 18:30:00', 1, '2013-04-04 18:30:00', '2013-02-21', '2013-02-21', 0, 0, 0, 0),
(19, 2, 'Test Three', 'Ok', NULL, '', 10, '2013-02-20 18:30:00', 1, '2013-04-04 18:30:00', '2013-02-21', '2013-02-21', 0, 0, 0, 0),
(20, 2, 'Test Four', 'Ok', NULL, '', 10, '2013-02-20 18:30:00', 1, '2013-04-04 18:30:00', '2013-02-21', '2013-02-21', 0, 0, 0, 0),
(21, 11, 'Basic', '', NULL, '', 0, '2013-03-21 18:30:00', 1, '2013-04-04 18:30:00', '2013-03-22', '2013-03-22', 0, 0, 0, 1),
(22, 15, 'My Test', 'Ok', NULL, '', 10, '2013-04-01 18:30:00', 1, '2013-04-03 18:30:00', '2013-04-02', '2013-04-02', 0, 1, 0, 0),
(23, 11, 'Sample test', 'Description for test', NULL, '', 15, '2013-04-02 18:30:00', 1, '2013-04-04 18:30:00', '0000-00-00', '0000-00-00', 0, 0, 0, 0),
(24, 2, 'Basicasd', 'asadasd', NULL, '', 2, '2013-04-03 18:30:00', 1, '2013-04-04 18:30:00', '2013-04-04', '2013-04-04', 0, 0, 0, 0),
(25, 15, 'Satya5413', '<b>ok</b>', NULL, '', 3, '2013-04-04 18:30:00', 1, '2013-04-04 18:30:00', '2013-04-05', '2013-04-05', 0, 0, 0, 0),
(26, 14, 'Satya5413', 'ok', NULL, '', 2, '2013-04-04 18:30:00', 1, '0000-00-00 00:00:00', '2013-04-05', '2013-04-05', 0, 1, 0, 1),
(27, 15, 'Sundar Test', 'Test Sample', NULL, '', 15, '2013-04-05 18:30:00', 1, '2013-04-10 18:30:00', '2013-04-06', '2013-04-06', 0, 0, 0, 1),
(28, 13, 'satya8413', 'Ok', NULL, '', 2, '2013-04-07 18:30:00', 1, '2013-04-07 18:30:00', '2013-04-08', '2013-04-08', 0, 0, 0, 1),
(29, 13, 'satya8413', 'Ok', NULL, '', 2, '2013-04-07 18:30:00', 1, '2013-04-07 18:30:00', '2013-04-08', '2013-04-08', 0, 1, 0, 0),
(30, 12, 'PHP', 'asdasdasd', NULL, '', 25, '2013-04-07 18:30:00', 1, '2013-06-09 18:30:00', '2013-06-01', '2013-06-30', 0, 0, 1, 1),
(31, 13, 'satya9413', 'Ok Proceed', NULL, '', 2, '2013-04-08 18:30:00', 1, '0000-00-00 00:00:00', '2013-04-09', '2013-04-09', 0, 1, 0, 1),
(32, 13, 'satya9413/2', 'ok', NULL, '', 2, '2013-04-08 18:30:00', 1, '2013-04-09 18:30:00', '2013-04-09', '2013-04-09', 0, 0, 0, 1),
(33, 15, 'Sundar Test', 'Test Sample', NULL, '', 15, '2013-04-15 18:30:00', 1, '2013-04-15 18:30:00', '2013-04-06', '2013-04-06', 0, 0, 12, 1),
(34, 15, 'Sundar Test', 'Test Sample', NULL, '', 15, '2013-04-15 18:30:00', 1, '0000-00-00 00:00:00', '2013-04-06', '2013-04-06', 0, 0, 11, 1),
(35, 17, 'user190413', 'Ok', NULL, '', 2, '2013-04-18 18:30:00', 1, '2013-04-18 18:30:00', '2013-04-19', '2013-04-19', 0, 0, 12, 1),
(36, 15, 'Sundar Test', 'Test Sample', NULL, '', 15, '2013-04-18 18:30:00', 1, '2013-04-18 18:30:00', '2013-04-06', '2013-04-06', 0, 0, 4, 1),
(37, 19, 'user119042013', 'Ok', NULL, '', 2, '2013-04-18 18:30:00', 1, '2013-04-18 18:30:00', '2013-04-19', '2013-04-19', 0, 0, 12, 1),
(38, 12, 'user219042013', 'ok', NULL, '', 1, '2013-04-18 18:30:00', 1, '0000-00-00 00:00:00', '2013-04-19', '2013-04-19', 0, 0, 1, 1),
(39, 12, 'sample test220413', 'Go a head<br>', NULL, '', 2, '2013-04-21 18:30:00', 1, '0000-00-00 00:00:00', '2013-04-22', '2013-04-22', 0, 0, 12, 1),
(40, 12, 'sample test230413', 'ok', NULL, '', 2, '2013-04-22 18:30:00', 1, '0000-00-00 00:00:00', '2013-04-23', '2013-04-23', 0, 0, 4, 1),
(41, 18, 'sample1230413', 'ok', NULL, '', 2, '2013-04-22 18:30:00', 1, '2013-04-22 18:30:00', '2013-04-23', '2013-04-23', 0, 0, 0, 1),
(42, 13, 'sample223', 'go a head<br>', NULL, '', 2, '2013-04-22 18:30:00', 1, '2013-04-22 18:30:00', '2013-04-23', '2013-04-23', 0, 0, 0, 1),
(43, 16, 'sample323', 'go a head<br>', NULL, '', 2, '2013-04-22 18:30:00', 1, '0000-00-00 00:00:00', '2013-04-23', '2013-04-23', 0, 0, 0, 1),
(44, 16, 'sample423', 'Ok go a head<br>', NULL, '', 2, '2013-04-22 18:30:00', 1, '2013-04-22 18:30:00', '2013-04-23', '2013-04-23', 0, 0, 4, 1),
(45, 14, 'sample523', 'ok', NULL, '', 2, '2013-04-22 18:30:00', 1, '0000-00-00 00:00:00', '2013-04-23', '2013-04-23', 0, 0, 4, 1),
(46, 15, 'Multiple Response123', '', NULL, '', 5, '2013-04-25 18:30:00', 1, '0000-00-00 00:00:00', '2013-04-26', '2013-04-26', 0, 0, 1, 1),
(47, 15, 'Sample2513', 'ok', NULL, '', 3, '2013-05-01 18:30:00', 1, '0000-00-00 00:00:00', '2013-05-02', '2013-05-02', 0, 0, 20, 1),
(48, 16, 'sample 2nd may 13', 'Ok', NULL, '', 2, '2013-05-01 18:30:00', 1, '0000-00-00 00:00:00', '2013-05-02', '2013-05-02', 0, 0, 8, 1),
(49, 17, 'sample 3rd may 13', 'Ok', NULL, '', 2, '2013-05-02 18:30:00', 1, '0000-00-00 00:00:00', '2013-05-03', '2013-05-03', 0, 0, 10, 1),
(50, 16, 'sample 7th may 13', 'OK', NULL, '', 2, '2013-05-06 18:30:00', 1, '0000-00-00 00:00:00', '2013-05-07', '2013-05-07', 0, 0, 12, 1),
(51, 14, 'sample3613', 'Good Test<br>', NULL, '', 2, '2013-06-02 18:30:00', 1, '0000-00-00 00:00:00', '2013-06-03', '2013-06-03', 0, 0, 15, 1),
(52, 23, 'Excel Sequencing', '', 'NULL', '', 10, '2013-05-13 18:30:00', 1, '0000-00-00 00:00:00', '2013-05-14', '2013-05-14', 0, 0, 3, 1),
(53, 11, 'Sample24513', 'Ok', 'NULL', '', 2, '2013-05-23 18:30:00', 1, '0000-00-00 00:00:00', '2013-05-24', '2013-05-24', 0, 0, 12, 1),
(54, 24, 'Sample245131', 'Ok', 'NULL', '', 2, '2013-05-23 18:30:00', 1, '0000-00-00 00:00:00', '2013-05-24', '2013-05-24', 0, 0, 5, 1),
(55, 25, 'Sample245132', 'Ok', 'NULL', '', 2, '2013-05-23 18:30:00', 1, '0000-00-00 00:00:00', '2013-05-24', '2013-05-24', 0, 0, 15, 1),
(56, 32, 'MS Office 2010 - Mitsuba', '', 'NULL', '', 20, '2013-06-07 18:30:00', 1, '2013-06-09 18:30:00', '2013-06-08', '2013-06-08', 0, 0, 46, 1);

-- --------------------------------------------------------

--
-- Table structure for table `test_type`
--

CREATE TABLE IF NOT EXISTS `test_type` (
  `id` int(11) NOT NULL AUTO_INCREMENT,
  `code` varchar(50) NOT NULL,
  `test_name` varchar(200) NOT NULL,
  PRIMARY KEY (`id`)
) ENGINE=InnoDB  DEFAULT CHARSET=latin1 AUTO_INCREMENT=4 ;

--
-- Dumping data for table `test_type`
--

INSERT INTO `test_type` (`id`, `code`, `test_name`) VALUES
(1, 'pretest', 'Pre-Test'),
(2, 'posttest', 'Post Test'),
(3, 'final', 'Final test');

-- --------------------------------------------------------

--
-- Table structure for table `__companies`
--

CREATE TABLE IF NOT EXISTS `__companies` (
  `id` int(11) NOT NULL AUTO_INCREMENT,
  `name` varchar(300) NOT NULL,
  `primary_user` int(11) NOT NULL,
  `add_date` date NOT NULL,
  `status` char(1) NOT NULL,
  PRIMARY KEY (`id`),
  UNIQUE KEY `name` (`name`),
  KEY `primary_user` (`primary_user`)
) ENGINE=InnoDB  DEFAULT CHARSET=latin1 AUTO_INCREMENT=2 ;

--
-- Dumping data for table `__companies`
--

INSERT INTO `__companies` (`id`, `name`, `primary_user`, `add_date`, `status`) VALUES
(1, 'Megam Technologies', 1, '2013-05-23', '1');

-- --------------------------------------------------------

--
-- Table structure for table `__modules`
--

CREATE TABLE IF NOT EXISTS `__modules` (
  `id` int(11) NOT NULL AUTO_INCREMENT,
  `code` varchar(50) NOT NULL,
  `name` varchar(250) NOT NULL,
  `add_date` date NOT NULL,
  PRIMARY KEY (`id`)
) ENGINE=InnoDB  DEFAULT CHARSET=latin1 AUTO_INCREMENT=3 ;

--
-- Dumping data for table `__modules`
--

INSERT INTO `__modules` (`id`, `code`, `name`, `add_date`) VALUES
(1, 'user management', 'User Management', '2013-05-23'),
(2, 'testmanager', 'Test Manager', '2013-05-23');

-- --------------------------------------------------------

--
-- Table structure for table `__permissions`
--

CREATE TABLE IF NOT EXISTS `__permissions` (
  `id` int(11) NOT NULL AUTO_INCREMENT,
  `c` int(11) NOT NULL,
  `r` int(11) NOT NULL,
  `u` int(11) NOT NULL,
  `d` int(11) NOT NULL,
  PRIMARY KEY (`id`)
) ENGINE=InnoDB  DEFAULT CHARSET=latin1 AUTO_INCREMENT=17 ;

--
-- Dumping data for table `__permissions`
--

INSERT INTO `__permissions` (`id`, `c`, `r`, `u`, `d`) VALUES
(1, 0, 0, 0, 0),
(5, 0, 1, 0, 0),
(6, 0, 1, 0, 1),
(7, 0, 1, 1, 0),
(8, 0, 1, 1, 1),
(13, 1, 1, 0, 0),
(14, 1, 1, 0, 1),
(15, 1, 1, 1, 0),
(16, 1, 1, 1, 1);

-- --------------------------------------------------------

--
-- Table structure for table `__sessions`
--

CREATE TABLE IF NOT EXISTS `__sessions` (
  `id` int(11) NOT NULL AUTO_INCREMENT,
  `session_name` varchar(250) NOT NULL,
  `user_id` int(11) NOT NULL,
  `add_date` timestamp NOT NULL DEFAULT CURRENT_TIMESTAMP,
  PRIMARY KEY (`id`),
  KEY `user_id` (`user_id`)
) ENGINE=InnoDB  DEFAULT CHARSET=latin1 AUTO_INCREMENT=50 ;

--
-- Dumping data for table `__sessions`
--

INSERT INTO `__sessions` (`id`, `session_name`, `user_id`, `add_date`) VALUES
(2, '', 1, '2013-05-20 18:32:52'),
(3, '', 1, '2013-05-20 18:33:11'),
(4, '', 1, '2013-05-20 18:34:19'),
(5, '', 1, '2013-05-20 18:35:24'),
(6, '', 1, '2013-05-20 18:59:26'),
(7, '', 1, '2013-05-20 18:59:28'),
(8, '', 1, '2013-05-20 18:59:30'),
(9, '', 1, '2013-05-20 19:00:12'),
(10, 'cef14d574ee127180c708a3811a6ea67', 1, '2013-05-21 06:39:29'),
(11, 'b0999c913b591ba455279c96369d60fb', 1, '2013-05-23 10:14:18'),
(12, '08ac253b601a312e7ea0489d01b11555', 1, '2013-05-23 10:40:25'),
(13, 'e72bd0d017420a194aa1f6087b18ca25', 1, '2013-05-23 10:43:57'),
(14, '505a8fe97e2d3069a2cc4e7bf2f75e7e', 1, '2013-05-23 12:08:39'),
(15, '89121f8566babf1a857dc3431934c90e', 1, '2013-05-23 12:09:34'),
(16, 'bacabef9e707b87c7a067ad0ba05fa35', 1, '2013-05-23 12:29:30'),
(17, 'f1e4d353fbf1b652ef6f19738de83a65', 1, '2013-05-23 12:30:18'),
(18, '2cb5b623d68b93f922bdca3d58b3fbdd', 1, '2013-05-23 12:31:26'),
(19, '01550463de4f0d8eed90069de6c2f3ad', 1, '2013-05-23 12:32:51'),
(20, 'fb6564234276c2c0ef300900e2a3d09c', 1, '2013-05-23 12:33:59'),
(21, 'e247cfe6e92fd0b0f92e530c865da3d8', 1, '2013-05-23 12:34:59'),
(22, '3cbdddf5a2ec36bd3460b8c85f28f674', 1, '2013-05-23 12:37:01'),
(23, '9cbd9b1d43a820766beb0b2f0c1eaf4a', 1, '2013-05-23 12:41:55'),
(24, '255e7c5766f4c22a238bef8f801c589e', 1, '2013-05-23 12:42:55'),
(25, 'f93ae65b3e6c21a70d5fcd001756bdbe', 1, '2013-05-23 12:46:25'),
(26, 'bb67d0e5377416af5895039a87a2f6c7', 1, '2013-05-23 12:46:55'),
(27, '013d500eeeb3a4c490b093262a703f64', 1, '2013-05-23 12:51:02'),
(28, 'cd7a0f723cbbf158bd4a41b8b05e8810', 1, '2013-05-23 12:52:23'),
(29, '616e45cb09e98f5d3fa824c3897dae39', 1, '2013-05-23 17:00:40'),
(30, '62c66ed8af571ece26694b67d273fd49', 1, '2013-05-24 07:45:18'),
(31, 'a4fc17a66f1e13dbbf4f1578efc882b3', 1, '2013-05-24 11:51:40'),
(32, 'b008ee1d49c92b829f6744c27e4653ac', 1, '2013-05-24 13:14:10'),
(33, '8fb96a73efd9c1b874d4c9fa57ddc321', 1, '2013-05-25 13:10:22'),
(34, 'c4f187d1176f683fa699e2238bc3bd0c', 1, '2013-05-31 07:13:06'),
(35, 'c66fae73fc8321facee4a754277cf559', 1, '2013-05-31 09:58:08'),
(36, '0085abcbb4ab2253bb422112297fd3ab', 1, '2013-05-31 11:37:05'),
(37, 'a314d61a759f08979b48741e270fdaca', 1, '2013-06-03 06:58:48'),
(38, 'ca05827e0b4b58f131f222bb4fccd27c', 1, '2013-06-03 09:25:18'),
(39, 'cfa14782714c04c87d6aca17af664d9d', 1, '2013-06-10 05:42:36'),
(40, 'ab01e41601d37c33d3c2a08b15da1b87', 1, '2013-06-10 08:31:17'),
(41, '95fc8948011c4d208b6927a07d636ce5', 1, '2013-06-10 09:18:57'),
(42, 'b112cdbdae73ca559696aab6012b2af3', 1, '2013-06-10 09:20:47'),
(43, '27458fc52e1b5c514b1f994b916ddb45', 1, '2013-06-10 09:22:24'),
(44, '8fc9d080bb7b5744244e5c8d38713a66', 1, '2013-06-10 09:23:25'),
(45, 'b5589b346d67b951c3d7ee56faf32dc6', 1, '2013-06-10 13:54:24'),
(46, 'ea0374920f41139c3acf9a75ae8633bf', 1, '2013-06-11 08:00:58'),
(47, '93499f3e7f4e6ee35145f59c39cd38fe', 1, '2013-06-11 12:08:24'),
(48, '9def9b744ab7cd45d5a3932ba1bba798', 1, '2013-07-06 13:42:26'),
(49, 'b1c50b6bb770acddd67ecfec5ee1f557', 1, '2013-07-08 06:10:10');

-- --------------------------------------------------------

--
-- Table structure for table `__users`
--

CREATE TABLE IF NOT EXISTS `__users` (
  `id` int(11) NOT NULL AUTO_INCREMENT,
  `name` varchar(500) NOT NULL,
  `emp_code` varchar(150) NOT NULL,
  `email` varchar(500) NOT NULL,
  `phone` varchar(50) NOT NULL,
  `user_type` int(11) DEFAULT '1',
  `username` varchar(100) NOT NULL,
  `password` varchar(100) NOT NULL,
  PRIMARY KEY (`id`),
  UNIQUE KEY `idx_email` (`email`)
) ENGINE=InnoDB  DEFAULT CHARSET=latin1 AUTO_INCREMENT=47 ;

--
-- Dumping data for table `__users`
--

INSERT INTO `__users` (`id`, `name`, `emp_code`, `email`, `phone`, `user_type`, `username`, `password`) VALUES
(1, 'Sundar', '001', 'meenakshi.sun20@gmail.com', '9841673880', -1, 'admin', '0192023a7bbd73250516f069df18b500'),
(2, 'Satyam', '1120', 'sdonthi@sphata.com', '9994426636', 1, 'satyam', '0192023a7bbd73250516f069df18b500'),
(3, 'Jithendra', '1142', 'jpuchareddy@sphata.com', '9543079409', 1, 'jithu', 'da7299d750f16fc62f6c4abd7c3af8e7'),
(4, 'user', '1109', 'user.user@gm.com', '9898398323', 2, 'user', '6ad14ba9986e3615423dfca256d04e3f'),
(5, 'user1', '1111', 'aaa.aaaa@gm.com', '8989897656', 2, 'user1', '6ad14ba9986e3615423dfca256d04e3f'),
(6, 'Satya', '0017', 'aaa.ccc@gvs.com', '898976564', 2, 'satya.donti', 'bcdaa8973a9542fea8771cc57838300f'),
(7, 'Sathish Kumar', '101', 'asksathishkumar@gmail.com', '919962512280', 2, 'sathish', '1c5edc4bbb547c49570f4dce082f8333'),
(8, 'Sathish Kumar', '1002', 'ssk_indian@yahoo.com', '919962512280', 2, 'sathish', '202cb962ac59075b964b07152d234b70'),
(9, 'ramesh', '0054', 'ramesh@malladi.co.in', '9940637655', 2, 'ramesh', '3d2d73252a546471c67243a97458371b'),
(10, 'karnaraj v', 'H003', 'karnaraj@malladi,co,in', '9790841376', 2, 'karnaraj', '81d2ea490826251c2526564bb8e36249'),
(11, 'Nory Sriker', '100019', 'sriker@malladi.co.in', '9940637628', 2, 'nsriker', 'b58caa62d6227060d606bfbb733e6ee5'),
(12, 'ylnrao', 'mdplho0030', 'ylnrao@malladi.co.in', '398769937', 2, 'ylnrao', 'd1d1777930a3f967acc2d44f173fdb5f'),
(13, 'M S Pavan', '', 'pawan@malladi.co.in', '9840108000', 2, 'pavan', 'ae048e94152f35f71301cbb6f6d8c571'),
(14, 'M.Hariharasuthan', 'MH0109', 'hariharan@mallladi..co.in', '919940655890', 2, 'hariharan', 'dda790dc583c1dfdfc18f3c67a5c9dff'),
(15, 'V.VISWANATHAN', '0006', 'viswanathan@malladi.co.in', '9840390777', 2, 'viswanathan', 'e5988de50f841aacf46b7d151a2f27d7'),
(16, 'Ramajayan', 'MDPLHO0056', 'rama@malladi.co.in', '9940637640', 2, 'ramajayan', '2b9cdebb444dbb2fe8380860104f0573'),
(17, 'S.Ganesh', 'MDPLHO0017', 'ganesh@malladi.co.in', '9940637634', 2, 'Ganesh', 'e6d59f0958ff38f261f4b6b6fde0b763'),
(18, 'JAYAKUMAR', 'MDPLHO0081', 'jayakumar.k@malladi.co.in', '9791042051', 2, 'jayakumar.k', '8878007de462f981acef268943c9a829'),
(19, 'Ramajayan', 'MDPLHO0056', 'ramajayan@gmail.com', '9940637640', 2, 'ramajayan', '827ccb0eea8a706c4c34a16891f84e7b'),
(20, 'JAYAKUMAR', 'MDPLHO0081', 'jayakumar_ski@hotmail.com', '9791042051', 2, 'jayakumar.k', '5e26bd3a9e144f9f5455313988df3634'),
(21, 'saravanan', 'MDPLHO0096', 'saravanan@malladi.co.in', '9789999447', 2, 'saran077', '4712304bc6671809b032410c43cd8f95'),
(22, 'Gopalakrishnan.S', 'MDPLHO0079', 'gopal.s@malladi.co.in', '9789999445', 2, 'gopal', '0461c6f14e38a863bb08cd14f7191815'),
(23, 'T.Swaminathan', 'MDPLHO0012', 'tswaminathan@malladi.co.in', '09940637636', 2, 'tswami', '259dda0279f5229b531881349e4f219a'),
(24, 's.swaminathan', 'MDPLHO0048', 'sswaminathan@malladi.co.in', '9940637635', 2, 'sswaminathan', '994a6be17a2ad13f329ff56406aaac97'),
(25, 'DEBABRATA PATI', 'MDPLHO0106', 'pati@malladi.co.in', '9003056432', 2, 'pati', '1a715d422dbc1e399c325e68d667e37a'),
(26, 'Sathya Prasad Musunuri', 'MDPLHO0108', 'prasad@malladi.co.in', '9003056431', 2, 'prasad', 'dd81b75f42570b6017c728fc8ae113c9'),
(27, 'Prabhakaran', 'MDPLHO0035', 'prabhakaran@malladi.co.in', '9790915390', 2, 'prabha1964', '841be52020172844864ad71ef0061ef6'),
(28, 'N.Radhakrishnan', 'MDPLH00107', 'radhakrishnan@malladi.co.in', '9940637664', 2, 'Radhakrishnan', '8ec0c8286dee5b99f2425706299c6957'),
(29, 'Manmath Patnaik', 'MSL', 'manmathpatnaik@malladi.co.in', '9500069947', 2, 'manmath', 'bb2d3d72dcf2b7e5916380de8c5023d8'),
(30, 'S. NARAYANAN', 'MDLHO0082', 'narayanan.s@malladi.co.in', '9791042039', 2, 'Narayanan', '518d5f3401534f5c6c21977f12f60989'),
(31, 's.mohan', 'MDPLHO0025', 'smohan@malladi.co.in', '9940327101', 2, 'mohan', '685d3aa495c429ea24bc015e25089c1c'),
(32, 'S.GOPALAKRISHNAN', 'MDPLHO0038', 'sgopalakrishnan@malladi.co.in', '9940637637', 2, 'gk', '9c9f1c65b1dc1f79498c9f09eb610e1a'),
(33, 'GANGESWARI', 'MDPLRD0094', 'gangeswari@malladi.co.in', '9940633357', 2, 'gangeswari', 'cdd743a508742dc4a9463f605adcace4'),
(34, 'ch raghu', 'MDPLHO0021', 'raghu@malladi.co.in', '9444787531', 2, 'raghu', 'cec8c14a210bc139bc2fe821273a59b5'),
(35, 'Shesachalam H', 'MDPLHO0110', 'Shesachalam@malladi.co.in', '9789745631', 2, 'shesachalam', 'da7009c83b87c5ae29965e46650b6069'),
(36, 'sumangalameenakshi', 'MDPLHO0076', 'meenakshi@malladi.co.in', '9940637627', 2, 'meenakshi', '00fc591ad01eac82128be37b29fd871c'),
(37, 'swathi', 'swathi', 'swathisivaraman@hotmail.com', '7893966187', 2, 'swathi', '46eafc3f1b688c52837ef0c7fa2018f9'),
(38, 'sunil upadhyay', 'mslhoo6', 'sunil@malladi.co.in', '9176252194', 2, 'sunil', '329a0f7d9837b2ff239ec97fca1f9134'),
(39, 'r. Sivakumar', 'MDPLHO0031', 'yamuna.k@buildhr.co.in', '9176062056', 2, 'sivakumar', 'c413590edef76860e752cce1f7c2cbfc'),
(40, 'Prabakaran', 'HO0040', 'prabha@malladi.co.in', '9500069945', 2, 'rprabha', '1327a71aeeef17500851d23af9c6b87b'),
(41, 'Amsavel', 'MDPLHO0111', 'amsavel@malladi.co.in', '9840087188', 2, 'amsavel', '0b030cf8e5b1414cc6e56c9d727d0a95'),
(42, 'andrew', 'MDPLHO0063', 'andrewsxl@gmail.com', '9003056437', 2, 'andrew', 'ff8c03d32c0bec6fcd0795fa771bc4ef'),
(43, 'Jagan', 'HO0016', 'jagan@malladi.co.in', '9940637629', 2, 'jagan', '45298a8884660b6099e1f35966e004b2'),
(44, 'krishnan', 'MDPLHO0060', 'rkrishnaN@malladi.co.in', '9940645882', 2, 'rkrishnan', '7ca6b296519daa9d8f618ba7f6047202'),
(45, 'rkrishnan', 'MDPLHO0060', 'krishn60@yahoo.com', '9940645882', 2, 'rkrishnan', '7ca6b296519daa9d8f618ba7f6047202'),
(46, 'Satya', '001120', 'vc.ac@gmail.com', '9876789867', 2, 'satyatest', 'bcdaa8973a9542fea8771cc57838300f');

-- --------------------------------------------------------

--
-- Table structure for table `__user_types`
--

CREATE TABLE IF NOT EXISTS `__user_types` (
  `id` int(11) NOT NULL AUTO_INCREMENT,
  `code` varchar(25) NOT NULL,
  `name` varchar(50) NOT NULL,
  `add_date` date NOT NULL,
  PRIMARY KEY (`id`)
) ENGINE=InnoDB  DEFAULT CHARSET=latin1 AUTO_INCREMENT=2 ;

--
-- Dumping data for table `__user_types`
--

INSERT INTO `__user_types` (`id`, `code`, `name`, `add_date`) VALUES
(-1, 'superadm', 'Super Admin', '2013-05-23'),
(1, 'adm', 'Admin', '2013-05-23');

-- --------------------------------------------------------

--
-- Table structure for table `__user_type_permissions`
--

CREATE TABLE IF NOT EXISTS `__user_type_permissions` (
  `id` int(11) NOT NULL AUTO_INCREMENT,
  `module_id` int(11) NOT NULL,
  `user_type_id` int(11) NOT NULL,
  `permission_id` int(11) NOT NULL,
  `permission_given_by` int(11) NOT NULL,
  `add_date` date NOT NULL,
  PRIMARY KEY (`id`),
  KEY `permission_id` (`permission_id`),
  KEY `permission_given_by` (`permission_given_by`),
  KEY `module_id` (`module_id`),
  KEY `user_type_id` (`user_type_id`)
) ENGINE=InnoDB  DEFAULT CHARSET=latin1 AUTO_INCREMENT=3 ;

--
-- Dumping data for table `__user_type_permissions`
--

INSERT INTO `__user_type_permissions` (`id`, `module_id`, `user_type_id`, `permission_id`, `permission_given_by`, `add_date`) VALUES
(1, 1, -1, 16, 1, '2013-05-23'),
(2, 2, -1, 16, 1, '2013-05-23');

--
-- Constraints for dumped tables
--

--
-- Constraints for table `answers`
--
ALTER TABLE `answers`
  ADD CONSTRAINT `fk_answers` FOREIGN KEY (`question_id`) REFERENCES `questions` (`id`) ON DELETE NO ACTION ON UPDATE NO ACTION;

--
-- Constraints for table `product_key_test_users`
--
ALTER TABLE `product_key_test_users`
  ADD CONSTRAINT `fk_product_key_test_users` FOREIGN KEY (`test_user_id`) REFERENCES `__users` (`id`) ON DELETE NO ACTION ON UPDATE NO ACTION,
  ADD CONSTRAINT `fk_product_key_test_users_0` FOREIGN KEY (`test_id`) REFERENCES `test_details` (`id`) ON DELETE NO ACTION ON UPDATE NO ACTION;

--
-- Constraints for table `questions`
--
ALTER TABLE `questions`
  ADD CONSTRAINT `fk_questions` FOREIGN KEY (`test_id`) REFERENCES `test_details` (`id`) ON DELETE NO ACTION ON UPDATE NO ACTION;

--
-- Constraints for table `responses`
--
ALTER TABLE `responses`
  ADD CONSTRAINT `responses_ibfk_1` FOREIGN KEY (`user_id`) REFERENCES `__users` (`id`),
  ADD CONSTRAINT `responses_ibfk_2` FOREIGN KEY (`question_id`) REFERENCES `questions` (`id`);

--
-- Constraints for table `scores`
--
ALTER TABLE `scores`
  ADD CONSTRAINT `fk_scores` FOREIGN KEY (`test_id`) REFERENCES `test_details` (`id`) ON DELETE NO ACTION ON UPDATE NO ACTION,
  ADD CONSTRAINT `fk_scores_0` FOREIGN KEY (`user_id`) REFERENCES `__users` (`id`) ON DELETE NO ACTION ON UPDATE NO ACTION;

--
-- Constraints for table `test_details`
--
ALTER TABLE `test_details`
  ADD CONSTRAINT `fk_test_details` FOREIGN KEY (`category`) REFERENCES `category` (`id`) ON DELETE NO ACTION ON UPDATE NO ACTION,
  ADD CONSTRAINT `fk_test_details_0` FOREIGN KEY (`created_by`) REFERENCES `__users` (`id`) ON DELETE NO ACTION ON UPDATE NO ACTION;

--
-- Constraints for table `__companies`
--
ALTER TABLE `__companies`
  ADD CONSTRAINT `__companies_ibfk_1` FOREIGN KEY (`primary_user`) REFERENCES `__users` (`id`);

--
-- Constraints for table `__user_type_permissions`
--
ALTER TABLE `__user_type_permissions`
  ADD CONSTRAINT `__user_type_permissions_ibfk_2` FOREIGN KEY (`module_id`) REFERENCES `__modules` (`id`),
  ADD CONSTRAINT `__user_type_permissions_ibfk_3` FOREIGN KEY (`permission_id`) REFERENCES `__permissions` (`id`),
  ADD CONSTRAINT `__user_type_permissions_ibfk_4` FOREIGN KEY (`user_type_id`) REFERENCES `__user_types` (`id`);

/*!40101 SET CHARACTER_SET_CLIENT=@OLD_CHARACTER_SET_CLIENT */;
/*!40101 SET CHARACTER_SET_RESULTS=@OLD_CHARACTER_SET_RESULTS */;
/*!40101 SET COLLATION_CONNECTION=@OLD_COLLATION_CONNECTION */;
